0 verbose cli C:\nvm4w\nodejs\node.exe C:\nvm4w\nodejs\node_modules\npm\bin\npm-cli.js
1 info using npm@11.12.1
2 info using node@v24.15.0
3 silly config load:file:C:\Users\admin\AppData\Local\nvm\v24.15.0\node_modules\npm\npmrc
4 silly config load:file:C:\Users\admin\OneDrive\Documents\Website cek nisn\frontend\.npmrc
5 silly config load:file:C:\Users\admin\.npmrc
6 silly config load:file:C:\nvm4w\nodejs\etc\npmrc
7 verbose title npm install
8 verbose argv "install" "--cache" "./npm-cache" "--no-fund" "--no-audit"
9 verbose logfile logs-max:10 dir:C:\Users\admin\OneDrive\Documents\Website cek nisn\frontend\npm-cache\_logs\2026-06-01T15_40_52_749Z-
10 verbose logfile C:\Users\admin\OneDrive\Documents\Website cek nisn\frontend\npm-cache\_logs\2026-06-01T15_40_52_749Z-debug-0.log
11 silly logfile done cleaning log files
12 silly packumentCache heap:2348810240 maxSize:587202560 maxEntrySize:293601280
13 silly idealTree buildDeps
14 silly fetch manifest axios@^1.6.8
15 silly packumentCache full:https://registry.npmjs.org/axios cache-miss
16 http fetch GET 200 https://registry.npmjs.org/npm 265ms
17 http fetch GET 200 https://registry.npmjs.org/axios 352ms (cache miss)
18 silly packumentCache full:https://registry.npmjs.org/axios set size:undefined disposed:false
19 silly fetch manifest html-to-image@^1.11.11
20 silly packumentCache full:https://registry.npmjs.org/html-to-image cache-miss
21 http fetch GET 200 https://registry.npmjs.org/html-to-image 59ms (cache miss)
22 silly packumentCache full:https://registry.npmjs.org/html-to-image set size:undefined disposed:false
23 silly fetch manifest react@^18.2.0
24 silly packumentCache full:https://registry.npmjs.org/react cache-miss
25 http fetch GET 200 https://registry.npmjs.org/react 1024ms (cache miss)
26 silly packumentCache full:https://registry.npmjs.org/react set size:undefined disposed:false
27 silly fetch manifest react-dom@^18.2.0
28 silly packumentCache full:https://registry.npmjs.org/react-dom cache-miss
29 http fetch GET 200 https://registry.npmjs.org/react-dom 663ms (cache miss)
30 silly packumentCache full:https://registry.npmjs.org/react-dom set size:undefined disposed:false
31 silly fetch manifest react-router-dom@^6.22.3
32 silly packumentCache full:https://registry.npmjs.org/react-router-dom cache-miss
33 http fetch GET 200 https://registry.npmjs.org/react-router-dom 255ms (cache miss)
34 silly packumentCache full:https://registry.npmjs.org/react-router-dom set size:undefined disposed:false
35 silly fetch manifest @vitejs/plugin-react@^4.2.1
36 silly packumentCache full:https://registry.npmjs.org/@vitejs%2fplugin-react cache-miss
37 http fetch GET 200 https://registry.npmjs.org/@vitejs%2fplugin-react 81ms (cache miss)
38 silly packumentCache full:https://registry.npmjs.org/@vitejs%2fplugin-react set size:undefined disposed:false
39 silly fetch manifest vite@^5.2.0
40 silly packumentCache full:https://registry.npmjs.org/vite cache-miss
41 http fetch GET 200 https://registry.npmjs.org/vite 2460ms (cache miss)
42 silly packumentCache full:https://registry.npmjs.org/vite set size:undefined disposed:false
43 silly fetch manifest @types/node@^18.0.0 || >=20.0.0
44 silly packumentCache full:https://registry.npmjs.org/@types%2fnode cache-miss
45 http fetch GET 200 https://registry.npmjs.org/@types%2fnode 745ms (cache miss)
46 silly packumentCache full:https://registry.npmjs.org/@types%2fnode set size:undefined disposed:false
47 silly fetch manifest less@*
48 silly packumentCache full:https://registry.npmjs.org/less cache-miss
49 http fetch GET 200 https://registry.npmjs.org/less 66ms (cache miss)
50 silly packumentCache full:https://registry.npmjs.org/less set size:undefined disposed:false
51 silly fetch manifest lightningcss@^1.21.0
52 silly packumentCache full:https://registry.npmjs.org/lightningcss cache-miss
53 http fetch GET 200 https://registry.npmjs.org/lightningcss 91ms (cache miss)
54 silly packumentCache full:https://registry.npmjs.org/lightningcss set size:undefined disposed:false
55 silly fetch manifest sass@*
56 silly packumentCache full:https://registry.npmjs.org/sass cache-miss
57 http fetch GET 200 https://registry.npmjs.org/sass 161ms (cache miss)
58 silly packumentCache full:https://registry.npmjs.org/sass set size:undefined disposed:false
59 silly fetch manifest sass-embedded@*
60 silly packumentCache full:https://registry.npmjs.org/sass-embedded cache-miss
61 http fetch GET 200 https://registry.npmjs.org/sass-embedded 99ms (cache miss)
62 silly packumentCache full:https://registry.npmjs.org/sass-embedded set size:undefined disposed:false
63 silly fetch manifest stylus@*
64 silly packumentCache full:https://registry.npmjs.org/stylus cache-miss
65 http fetch GET 200 https://registry.npmjs.org/stylus 71ms (cache miss)
66 silly packumentCache full:https://registry.npmjs.org/stylus set size:undefined disposed:false
67 silly fetch manifest sugarss@*
68 silly packumentCache full:https://registry.npmjs.org/sugarss cache-miss
69 http fetch GET 200 https://registry.npmjs.org/sugarss 82ms (cache miss)
70 silly packumentCache full:https://registry.npmjs.org/sugarss set size:undefined disposed:false
71 silly fetch manifest postcss@^8.4.38
72 silly packumentCache full:https://registry.npmjs.org/postcss cache-miss
73 http fetch GET 200 https://registry.npmjs.org/postcss 130ms (cache miss)
74 silly packumentCache full:https://registry.npmjs.org/postcss set size:undefined disposed:false
75 silly fetch manifest terser@^5.4.0
76 silly packumentCache full:https://registry.npmjs.org/terser cache-miss
77 http fetch GET 200 https://registry.npmjs.org/terser 189ms (cache miss)
78 silly packumentCache full:https://registry.npmjs.org/terser set size:undefined disposed:false
79 silly fetch manifest autoprefixer@^10.4.19
80 silly packumentCache full:https://registry.npmjs.org/autoprefixer cache-miss
81 http fetch GET 200 https://registry.npmjs.org/autoprefixer 195ms (cache miss)
82 silly packumentCache full:https://registry.npmjs.org/autoprefixer set size:undefined disposed:false
83 silly fetch manifest tailwindcss@^3.4.3
84 silly packumentCache full:https://registry.npmjs.org/tailwindcss cache-miss
85 http fetch GET 200 https://registry.npmjs.org/tailwindcss 1766ms (cache miss)
86 silly packumentCache full:https://registry.npmjs.org/tailwindcss set size:undefined disposed:false
87 silly placeDep ROOT @vitejs/plugin-react@4.7.0 OK for: frontend@0.0.0 want: ^4.2.1
88 silly placeDep ROOT vite@5.4.21 OK for: @vitejs/plugin-react@4.7.0 want: ^4.2.0 || ^5.0.0 || ^6.0.0 || ^7.0.0
89 silly placeDep ROOT autoprefixer@10.5.0 OK for: frontend@0.0.0 want: ^10.4.19
90 silly placeDep ROOT postcss@8.5.15 OK for: autoprefixer@10.5.0 want: ^8.1.0
91 silly placeDep ROOT axios@1.16.1 OK for: frontend@0.0.0 want: ^1.6.8
92 silly placeDep ROOT html-to-image@1.11.13 OK for: frontend@0.0.0 want: ^1.11.11
93 silly placeDep ROOT react@18.3.1 OK for: frontend@0.0.0 want: ^18.2.0
94 silly placeDep ROOT react-dom@18.3.1 OK for: frontend@0.0.0 want: ^18.2.0
95 silly placeDep ROOT react-router-dom@6.30.4 OK for: frontend@0.0.0 want: ^6.22.3
96 silly placeDep ROOT tailwindcss@3.4.19 OK for: frontend@0.0.0 want: ^3.4.3
97 silly fetch manifest @babel/core@^7.28.0
98 silly packumentCache full:https://registry.npmjs.org/@babel%2fcore cache-miss
99 silly fetch manifest react-refresh@^0.17.0
100 silly packumentCache full:https://registry.npmjs.org/react-refresh cache-miss
101 silly fetch manifest @types/babel__core@^7.20.5
102 silly packumentCache full:https://registry.npmjs.org/@types%2fbabel__core cache-miss
103 http fetch GET 200 https://registry.npmjs.org/@babel%2fcore 252ms (cache miss)
104 silly packumentCache full:https://registry.npmjs.org/@babel%2fcore set size:undefined disposed:false
105 silly fetch manifest @rolldown/pluginutils@1.0.0-beta.27
106 silly packumentCache full:https://registry.npmjs.org/@rolldown%2fpluginutils cache-miss
107 http fetch GET 200 https://registry.npmjs.org/@types%2fbabel__core 316ms (cache miss)
108 silly packumentCache full:https://registry.npmjs.org/@types%2fbabel__core set size:undefined disposed:false
109 silly fetch manifest @babel/plugin-transform-react-jsx-self@^7.27.1
110 silly packumentCache full:https://registry.npmjs.org/@babel%2fplugin-transform-react-jsx-self cache-miss
111 http fetch GET 200 https://registry.npmjs.org/@rolldown%2fpluginutils 162ms (cache miss)
112 silly packumentCache full:https://registry.npmjs.org/@rolldown%2fpluginutils set size:undefined disposed:false
113 silly fetch manifest @babel/plugin-transform-react-jsx-source@^7.27.1
114 silly packumentCache full:https://registry.npmjs.org/@babel%2fplugin-transform-react-jsx-source cache-miss
115 http fetch GET 200 https://registry.npmjs.org/@babel%2fplugin-transform-react-jsx-self 244ms (cache miss)
116 silly packumentCache full:https://registry.npmjs.org/@babel%2fplugin-transform-react-jsx-self set size:undefined disposed:false
117 silly fetch manifest rollup@^4.20.0
118 silly packumentCache full:https://registry.npmjs.org/rollup cache-miss
119 http fetch GET 200 https://registry.npmjs.org/@babel%2fplugin-transform-react-jsx-source 178ms (cache miss)
120 silly packumentCache full:https://registry.npmjs.org/@babel%2fplugin-transform-react-jsx-source set size:undefined disposed:false
121 silly fetch manifest esbuild@^0.21.3
122 silly packumentCache full:https://registry.npmjs.org/esbuild cache-miss
123 http fetch GET 200 https://registry.npmjs.org/esbuild 315ms (cache miss)
124 silly packumentCache full:https://registry.npmjs.org/esbuild set size:undefined disposed:false
125 silly fetch manifest postcss@^8.4.43
126 silly packumentCache full:https://registry.npmjs.org/postcss cache-miss
127 http cache https://registry.npmjs.org/postcss 45ms (cache hit)
128 silly packumentCache full:https://registry.npmjs.org/postcss set size:723316 disposed:false
129 silly fetch manifest fsevents@~2.3.3
130 silly packumentCache full:https://registry.npmjs.org/fsevents cache-miss
131 http fetch GET 200 https://registry.npmjs.org/fsevents 168ms (cache miss)
132 silly packumentCache full:https://registry.npmjs.org/fsevents set size:undefined disposed:false
133 silly fetch manifest browserslist@^4.28.2
134 silly packumentCache full:https://registry.npmjs.org/browserslist cache-miss
135 http fetch GET 200 https://registry.npmjs.org/react-refresh 1327ms (cache miss)
136 silly packumentCache full:https://registry.npmjs.org/react-refresh set size:undefined disposed:false
137 silly fetch manifest caniuse-lite@^1.0.30001787
138 silly packumentCache full:https://registry.npmjs.org/caniuse-lite cache-miss
139 http fetch GET 200 https://registry.npmjs.org/browserslist 305ms (cache miss)
140 silly packumentCache full:https://registry.npmjs.org/browserslist set size:undefined disposed:false
141 silly fetch manifest fraction.js@^5.3.4
142 silly packumentCache full:https://registry.npmjs.org/fraction.js cache-miss
143 http fetch GET 200 https://registry.npmjs.org/fraction.js 160ms (cache miss)
144 silly packumentCache full:https://registry.npmjs.org/fraction.js set size:undefined disposed:false
145 silly fetch manifest picocolors@^1.1.1
146 silly packumentCache full:https://registry.npmjs.org/picocolors cache-miss
147 http fetch GET 200 https://registry.npmjs.org/picocolors 131ms (cache miss)
148 silly packumentCache full:https://registry.npmjs.org/picocolors set size:undefined disposed:false
149 silly fetch manifest postcss-value-parser@^4.2.0
150 silly packumentCache full:https://registry.npmjs.org/postcss-value-parser cache-miss
151 http fetch GET 200 https://registry.npmjs.org/rollup 1376ms (cache miss)
152 silly packumentCache full:https://registry.npmjs.org/rollup set size:undefined disposed:false
153 silly fetch manifest nanoid@^3.3.12
154 silly packumentCache full:https://registry.npmjs.org/nanoid cache-miss
155 http fetch GET 200 https://registry.npmjs.org/postcss-value-parser 290ms (cache miss)
156 silly packumentCache full:https://registry.npmjs.org/postcss-value-parser set size:undefined disposed:false
157 silly fetch manifest source-map-js@^1.2.1
158 silly packumentCache full:https://registry.npmjs.org/source-map-js cache-miss
159 http fetch GET 200 https://registry.npmjs.org/caniuse-lite 866ms (cache miss)
160 silly packumentCache full:https://registry.npmjs.org/caniuse-lite set size:undefined disposed:false
161 silly fetch manifest follow-redirects@^1.16.0
162 silly packumentCache full:https://registry.npmjs.org/follow-redirects cache-miss
163 http fetch GET 200 https://registry.npmjs.org/nanoid 302ms (cache miss)
164 silly packumentCache full:https://registry.npmjs.org/nanoid set size:undefined disposed:false
165 silly fetch manifest form-data@^4.0.5
166 silly packumentCache full:https://registry.npmjs.org/form-data cache-miss
167 http fetch GET 200 https://registry.npmjs.org/source-map-js 237ms (cache miss)
168 silly packumentCache full:https://registry.npmjs.org/source-map-js set size:undefined disposed:false
169 silly fetch manifest https-proxy-agent@^5.0.1
170 silly packumentCache full:https://registry.npmjs.org/https-proxy-agent cache-miss
171 http fetch GET 200 https://registry.npmjs.org/form-data 131ms (cache miss)
172 silly packumentCache full:https://registry.npmjs.org/form-data set size:undefined disposed:false
173 silly fetch manifest proxy-from-env@^2.1.0
174 silly packumentCache full:https://registry.npmjs.org/proxy-from-env cache-miss
175 http fetch GET 200 https://registry.npmjs.org/follow-redirects 177ms (cache miss)
176 silly packumentCache full:https://registry.npmjs.org/follow-redirects set size:undefined disposed:false
177 silly fetch manifest loose-envify@^1.1.0
178 silly packumentCache full:https://registry.npmjs.org/loose-envify cache-miss
179 http fetch GET 200 https://registry.npmjs.org/https-proxy-agent 185ms (cache miss)
180 silly packumentCache full:https://registry.npmjs.org/https-proxy-agent set size:undefined disposed:false
181 silly fetch manifest scheduler@^0.23.2
182 silly packumentCache full:https://registry.npmjs.org/scheduler cache-miss
183 http fetch GET 200 https://registry.npmjs.org/loose-envify 250ms (cache miss)
184 silly packumentCache full:https://registry.npmjs.org/loose-envify set size:undefined disposed:false
185 silly fetch manifest @remix-run/router@1.23.3
186 silly packumentCache full:https://registry.npmjs.org/@remix-run%2frouter cache-miss
187 http fetch GET 200 https://registry.npmjs.org/proxy-from-env 292ms (cache miss)
188 silly packumentCache full:https://registry.npmjs.org/proxy-from-env set size:undefined disposed:false
189 silly fetch manifest react-router@6.30.4
190 silly packumentCache full:https://registry.npmjs.org/react-router cache-miss
191 http fetch GET 200 https://registry.npmjs.org/@remix-run%2frouter 554ms (cache miss)
192 silly packumentCache full:https://registry.npmjs.org/@remix-run%2frouter set size:undefined disposed:false
193 silly fetch manifest arg@^5.0.2
194 silly packumentCache full:https://registry.npmjs.org/arg cache-miss
195 http fetch GET 200 https://registry.npmjs.org/react-router 572ms (cache miss)
196 silly packumentCache full:https://registry.npmjs.org/react-router set size:undefined disposed:false
197 silly fetch manifest dlv@^1.1.3
198 silly packumentCache full:https://registry.npmjs.org/dlv cache-miss
199 http fetch GET 200 https://registry.npmjs.org/dlv 170ms (cache miss)
200 silly packumentCache full:https://registry.npmjs.org/dlv set size:undefined disposed:false
201 silly fetch manifest jiti@^1.21.7
202 silly packumentCache full:https://registry.npmjs.org/jiti cache-miss
203 http fetch GET 200 https://registry.npmjs.org/arg 339ms (cache miss)
204 silly packumentCache full:https://registry.npmjs.org/arg set size:undefined disposed:false
205 silly fetch manifest is-glob@^4.0.3
206 silly packumentCache full:https://registry.npmjs.org/is-glob cache-miss
207 http fetch GET 200 https://registry.npmjs.org/scheduler 1132ms (cache miss)
208 silly packumentCache full:https://registry.npmjs.org/scheduler set size:undefined disposed:false
209 silly fetch manifest resolve@^1.22.8
210 silly packumentCache full:https://registry.npmjs.org/resolve cache-miss
211 http fetch GET 200 https://registry.npmjs.org/is-glob 196ms (cache miss)
212 silly packumentCache full:https://registry.npmjs.org/is-glob set size:undefined disposed:false
213 silly fetch manifest sucrase@^3.35.0
214 silly packumentCache full:https://registry.npmjs.org/sucrase cache-miss
215 http fetch GET 200 https://registry.npmjs.org/jiti 307ms (cache miss)
216 silly packumentCache full:https://registry.npmjs.org/jiti set size:undefined disposed:false
217 silly fetch manifest chokidar@^3.6.0
218 silly packumentCache full:https://registry.npmjs.org/chokidar cache-miss
219 http fetch GET 200 https://registry.npmjs.org/resolve 222ms (cache miss)
220 silly packumentCache full:https://registry.npmjs.org/resolve set size:undefined disposed:false
221 silly fetch manifest fast-glob@^3.3.2
222 silly packumentCache full:https://registry.npmjs.org/fast-glob cache-miss
223 http fetch GET 200 https://registry.npmjs.org/chokidar 174ms (cache miss)
224 silly packumentCache full:https://registry.npmjs.org/chokidar set size:undefined disposed:false
225 silly fetch manifest lilconfig@^3.1.3
226 silly packumentCache full:https://registry.npmjs.org/lilconfig cache-miss
227 http fetch GET 200 https://registry.npmjs.org/sucrase 281ms (cache miss)
228 silly packumentCache full:https://registry.npmjs.org/sucrase set size:undefined disposed:false
229 silly fetch manifest didyoumean@^1.2.2
230 silly packumentCache full:https://registry.npmjs.org/didyoumean cache-miss
231 http fetch GET 200 https://registry.npmjs.org/fast-glob 240ms (cache miss)
232 silly packumentCache full:https://registry.npmjs.org/fast-glob set size:undefined disposed:false
233 silly fetch manifest micromatch@^4.0.8
234 silly packumentCache full:https://registry.npmjs.org/micromatch cache-miss
235 http fetch GET 200 https://registry.npmjs.org/didyoumean 150ms (cache miss)
236 silly packumentCache full:https://registry.npmjs.org/didyoumean set size:undefined disposed:false
237 silly fetch manifest postcss-js@^4.0.1
238 silly packumentCache full:https://registry.npmjs.org/postcss-js cache-miss
239 http fetch GET 200 https://registry.npmjs.org/micromatch 118ms (cache miss)
240 silly packumentCache full:https://registry.npmjs.org/micromatch set size:undefined disposed:false
241 silly fetch manifest glob-parent@^6.0.2
242 silly packumentCache full:https://registry.npmjs.org/glob-parent cache-miss
243 http fetch GET 200 https://registry.npmjs.org/lilconfig 293ms (cache miss)
244 silly packumentCache full:https://registry.npmjs.org/lilconfig set size:undefined disposed:false
245 silly fetch manifest object-hash@^3.0.0
246 silly packumentCache full:https://registry.npmjs.org/object-hash cache-miss
247 http fetch GET 200 https://registry.npmjs.org/postcss-js 138ms (cache miss)
248 silly packumentCache full:https://registry.npmjs.org/postcss-js set size:undefined disposed:false
249 silly fetch manifest normalize-path@^3.0.0
250 silly packumentCache full:https://registry.npmjs.org/normalize-path cache-miss
251 http fetch GET 200 https://registry.npmjs.org/glob-parent 241ms (cache miss)
252 silly packumentCache full:https://registry.npmjs.org/glob-parent set size:undefined disposed:false
253 silly fetch manifest postcss-import@^15.1.0
254 silly packumentCache full:https://registry.npmjs.org/postcss-import cache-miss
255 http fetch GET 200 https://registry.npmjs.org/object-hash 235ms (cache miss)
256 silly packumentCache full:https://registry.npmjs.org/object-hash set size:undefined disposed:false
257 silly fetch manifest postcss-nested@^6.2.0
258 silly packumentCache full:https://registry.npmjs.org/postcss-nested cache-miss
259 http fetch GET 200 https://registry.npmjs.org/normalize-path 240ms (cache miss)
260 silly packumentCache full:https://registry.npmjs.org/normalize-path set size:undefined disposed:false
261 silly fetch manifest @alloc/quick-lru@^5.2.0
262 silly packumentCache full:https://registry.npmjs.org/@alloc%2fquick-lru cache-miss
263 http fetch GET 200 https://registry.npmjs.org/postcss-import 170ms (cache miss)
264 silly packumentCache full:https://registry.npmjs.org/postcss-import set size:undefined disposed:false
265 silly fetch manifest postcss-load-config@^4.0.2 || ^5.0 || ^6.0
266 silly packumentCache full:https://registry.npmjs.org/postcss-load-config cache-miss
267 http fetch GET 200 https://registry.npmjs.org/postcss-nested 185ms (cache miss)
268 silly packumentCache full:https://registry.npmjs.org/postcss-nested set size:undefined disposed:false
269 silly fetch manifest postcss-selector-parser@^6.1.2
270 silly packumentCache full:https://registry.npmjs.org/postcss-selector-parser cache-miss
271 http fetch GET 200 https://registry.npmjs.org/postcss-load-config 89ms (cache miss)
272 silly packumentCache full:https://registry.npmjs.org/postcss-load-config set size:undefined disposed:false
273 http fetch GET 200 https://registry.npmjs.org/postcss-selector-parser 151ms (cache miss)
274 silly packumentCache full:https://registry.npmjs.org/postcss-selector-parser set size:undefined disposed:false
275 http fetch GET 200 https://registry.npmjs.org/@alloc%2fquick-lru 404ms (cache miss)
276 silly packumentCache full:https://registry.npmjs.org/@alloc%2fquick-lru set size:undefined disposed:false
277 silly placeDep ROOT @babel/core@7.29.7 OK for: @vitejs/plugin-react@4.7.0 want: ^7.28.0
278 silly placeDep ROOT @babel/plugin-transform-react-jsx-self@7.29.7 OK for: @vitejs/plugin-react@4.7.0 want: ^7.27.1
279 silly placeDep ROOT @babel/plugin-transform-react-jsx-source@7.29.7 OK for: @vitejs/plugin-react@4.7.0 want: ^7.27.1
280 silly placeDep ROOT @rolldown/pluginutils@1.0.0-beta.27 OK for: @vitejs/plugin-react@4.7.0 want: 1.0.0-beta.27
281 silly placeDep ROOT @types/babel__core@7.20.5 OK for: @vitejs/plugin-react@4.7.0 want: ^7.20.5
282 silly placeDep ROOT react-refresh@0.17.0 OK for: @vitejs/plugin-react@4.7.0 want: ^0.17.0
283 silly fetch manifest @babel/code-frame@^7.29.7
284 silly packumentCache full:https://registry.npmjs.org/@babel%2fcode-frame cache-miss
285 silly fetch manifest @babel/generator@^7.29.7
286 silly packumentCache full:https://registry.npmjs.org/@babel%2fgenerator cache-miss
287 silly fetch manifest @babel/helper-compilation-targets@^7.29.7
288 silly packumentCache full:https://registry.npmjs.org/@babel%2fhelper-compilation-targets cache-miss
289 http fetch GET 200 https://registry.npmjs.org/@babel%2fhelper-compilation-targets 80ms (cache miss)
290 silly packumentCache full:https://registry.npmjs.org/@babel%2fhelper-compilation-targets set size:undefined disposed:false
291 silly fetch manifest @babel/helper-module-transforms@^7.29.7
292 silly packumentCache full:https://registry.npmjs.org/@babel%2fhelper-module-transforms cache-miss
293 http fetch GET 200 https://registry.npmjs.org/@babel%2fcode-frame 156ms (cache miss)
294 silly packumentCache full:https://registry.npmjs.org/@babel%2fcode-frame set size:undefined disposed:false
295 silly fetch manifest @babel/helpers@^7.29.7
296 silly packumentCache full:https://registry.npmjs.org/@babel%2fhelpers cache-miss
297 http fetch GET 200 https://registry.npmjs.org/@babel%2fgenerator 467ms (cache miss)
298 silly packumentCache full:https://registry.npmjs.org/@babel%2fgenerator set size:undefined disposed:false
299 silly fetch manifest @babel/parser@^7.29.7
300 silly packumentCache full:https://registry.npmjs.org/@babel%2fparser cache-miss
301 http fetch GET 200 https://registry.npmjs.org/@babel%2fhelper-module-transforms 1340ms (cache miss)
302 silly packumentCache full:https://registry.npmjs.org/@babel%2fhelper-module-transforms set size:undefined disposed:false
303 silly fetch manifest @babel/template@^7.29.7
304 silly packumentCache full:https://registry.npmjs.org/@babel%2ftemplate cache-miss
305 http fetch GET 200 https://registry.npmjs.org/@babel%2fhelpers 1931ms (cache miss)
306 silly packumentCache full:https://registry.npmjs.org/@babel%2fhelpers set size:undefined disposed:false
307 silly fetch manifest @babel/traverse@^7.29.7
308 silly packumentCache full:https://registry.npmjs.org/@babel%2ftraverse cache-miss
309 http fetch GET 200 https://registry.npmjs.org/@babel%2ftemplate 1221ms (cache miss)
310 silly packumentCache full:https://registry.npmjs.org/@babel%2ftemplate set size:undefined disposed:false
311 silly fetch manifest @babel/types@^7.29.7
312 silly packumentCache full:https://registry.npmjs.org/@babel%2ftypes cache-miss
313 http fetch GET 200 https://registry.npmjs.org/@babel%2fparser 3309ms (cache miss)
314 silly packumentCache full:https://registry.npmjs.org/@babel%2fparser set size:undefined disposed:false
315 silly fetch manifest @jridgewell/remapping@^2.3.5
316 silly packumentCache full:https://registry.npmjs.org/@jridgewell%2fremapping cache-miss
317 http fetch GET 200 https://registry.npmjs.org/@jridgewell%2fremapping 344ms (cache miss)
318 silly packumentCache full:https://registry.npmjs.org/@jridgewell%2fremapping set size:undefined disposed:false
319 silly fetch manifest convert-source-map@^2.0.0
320 silly packumentCache full:https://registry.npmjs.org/convert-source-map cache-miss
321 http fetch GET 200 https://registry.npmjs.org/@babel%2ftraverse 2157ms (cache miss)
322 silly packumentCache full:https://registry.npmjs.org/@babel%2ftraverse set size:undefined disposed:false
323 silly fetch manifest debug@^4.1.0
324 silly packumentCache full:https://registry.npmjs.org/debug cache-miss
325 http fetch GET 200 https://registry.npmjs.org/@babel%2ftypes 1469ms (cache miss)
326 silly packumentCache full:https://registry.npmjs.org/@babel%2ftypes set size:undefined disposed:false
327 silly fetch manifest gensync@^1.0.0-beta.2
328 silly packumentCache full:https://registry.npmjs.org/gensync cache-miss
329 http fetch GET 200 https://registry.npmjs.org/convert-source-map 230ms (cache miss)
330 silly packumentCache full:https://registry.npmjs.org/convert-source-map set size:undefined disposed:false
331 silly fetch manifest json5@^2.2.3
332 silly packumentCache full:https://registry.npmjs.org/json5 cache-miss
333 http fetch GET 200 https://registry.npmjs.org/gensync 146ms (cache miss)
334 silly packumentCache full:https://registry.npmjs.org/gensync set size:undefined disposed:false
335 silly fetch manifest semver@^6.3.1
336 silly packumentCache full:https://registry.npmjs.org/semver cache-miss
337 http fetch GET 200 https://registry.npmjs.org/debug 220ms (cache miss)
338 silly packumentCache full:https://registry.npmjs.org/debug set size:undefined disposed:false
339 silly fetch manifest @babel/helper-plugin-utils@^7.29.7
340 silly packumentCache full:https://registry.npmjs.org/@babel%2fhelper-plugin-utils cache-miss
341 http fetch GET 200 https://registry.npmjs.org/json5 128ms (cache miss)
342 silly packumentCache full:https://registry.npmjs.org/json5 set size:undefined disposed:false
343 silly fetch manifest @babel/helper-plugin-utils@^7.29.7
344 silly packumentCache full:https://registry.npmjs.org/@babel%2fhelper-plugin-utils cache-miss
345 http fetch GET 200 https://registry.npmjs.org/semver 165ms (cache miss)
346 silly packumentCache full:https://registry.npmjs.org/semver set size:undefined disposed:false
347 silly fetch manifest @babel/types@^7.20.7
348 silly packumentCache full:https://registry.npmjs.org/@babel%2ftypes cache-miss
349 http fetch GET 200 https://registry.npmjs.org/@babel%2fhelper-plugin-utils 134ms (cache miss)
350 silly packumentCache full:https://registry.npmjs.org/@babel%2fhelper-plugin-utils set size:undefined disposed:false
351 silly fetch manifest @babel/parser@^7.20.7
352 silly packumentCache full:https://registry.npmjs.org/@babel%2fparser cache-miss
353 http cache https://registry.npmjs.org/@babel%2ftypes 124ms (cache hit)
354 silly packumentCache full:https://registry.npmjs.org/@babel%2ftypes set size:496342 disposed:false
355 silly fetch manifest @types/babel__template@*
356 silly packumentCache full:https://registry.npmjs.org/@types%2fbabel__template cache-miss
357 http cache https://registry.npmjs.org/@babel%2fparser 148ms (cache hit)
358 silly packumentCache full:https://registry.npmjs.org/@babel%2fparser set size:730539 disposed:false
359 silly fetch manifest @types/babel__traverse@*
360 silly packumentCache full:https://registry.npmjs.org/@types%2fbabel__traverse cache-miss
361 http fetch GET 200 https://registry.npmjs.org/@babel%2fhelper-plugin-utils 406ms (cache miss)
362 silly packumentCache full:https://registry.npmjs.org/@babel%2fhelper-plugin-utils set size:undefined disposed:false
363 silly fetch manifest @types/babel__generator@*
364 silly packumentCache full:https://registry.npmjs.org/@types%2fbabel__generator cache-miss
365 http fetch GET 200 https://registry.npmjs.org/@types%2fbabel__template 326ms (cache miss)
366 silly packumentCache full:https://registry.npmjs.org/@types%2fbabel__template set size:undefined disposed:false
367 http fetch GET 200 https://registry.npmjs.org/@types%2fbabel__traverse 581ms (cache miss)
368 silly packumentCache full:https://registry.npmjs.org/@types%2fbabel__traverse set size:undefined disposed:false
369 http fetch GET 200 https://registry.npmjs.org/@types%2fbabel__generator 614ms (cache miss)
370 silly packumentCache full:https://registry.npmjs.org/@types%2fbabel__generator set size:undefined disposed:false
371 silly fetch manifest @babel/core@^7.0.0
372 silly packumentCache full:https://registry.npmjs.org/@babel%2fcore cache-miss
373 http cache https://registry.npmjs.org/@babel%2fcore 121ms (cache hit)
374 silly packumentCache full:https://registry.npmjs.org/@babel%2fcore set size:779631 disposed:false
375 silly placeDep ROOT @babel/code-frame@7.29.7 OK for: @babel/core@7.29.7 want: ^7.29.7
376 silly placeDep ROOT @babel/generator@7.29.7 OK for: @babel/core@7.29.7 want: ^7.29.7
377 silly placeDep ROOT @babel/helper-compilation-targets@7.29.7 OK for: @babel/core@7.29.7 want: ^7.29.7
378 silly placeDep ROOT @babel/helper-module-transforms@7.29.7 OK for: @babel/core@7.29.7 want: ^7.29.7
379 silly placeDep ROOT @babel/helpers@7.29.7 OK for: @babel/core@7.29.7 want: ^7.29.7
380 silly placeDep ROOT @babel/parser@7.29.7 OK for: @babel/core@7.29.7 want: ^7.29.7
381 silly placeDep ROOT @babel/template@7.29.7 OK for: @babel/core@7.29.7 want: ^7.29.7
382 silly placeDep ROOT @babel/traverse@7.29.7 OK for: @babel/core@7.29.7 want: ^7.29.7
383 silly placeDep ROOT @babel/types@7.29.7 OK for: @babel/core@7.29.7 want: ^7.29.7
384 silly placeDep ROOT @jridgewell/remapping@2.3.5 OK for: @babel/core@7.29.7 want: ^2.3.5
385 silly placeDep ROOT convert-source-map@2.0.0 OK for: @babel/core@7.29.7 want: ^2.0.0
386 silly placeDep ROOT debug@4.4.3 OK for: @babel/core@7.29.7 want: ^4.1.0
387 silly placeDep ROOT gensync@1.0.0-beta.2 OK for: @babel/core@7.29.7 want: ^1.0.0-beta.2
388 silly placeDep ROOT json5@2.2.3 OK for: @babel/core@7.29.7 want: ^2.2.3
389 silly placeDep ROOT semver@6.3.1 OK for: @babel/core@7.29.7 want: ^6.3.1
390 silly fetch manifest @babel/helper-validator-identifier@^7.29.7
391 silly packumentCache full:https://registry.npmjs.org/@babel%2fhelper-validator-identifier cache-miss
392 silly fetch manifest js-tokens@^4.0.0
393 silly packumentCache full:https://registry.npmjs.org/js-tokens cache-miss
394 silly fetch manifest @jridgewell/gen-mapping@^0.3.12
395 silly packumentCache full:https://registry.npmjs.org/@jridgewell%2fgen-mapping cache-miss
396 http fetch GET 200 https://registry.npmjs.org/js-tokens 177ms (cache miss)
397 silly packumentCache full:https://registry.npmjs.org/js-tokens set size:undefined disposed:false
398 silly fetch manifest @jridgewell/trace-mapping@^0.3.28
399 silly packumentCache full:https://registry.npmjs.org/@jridgewell%2ftrace-mapping cache-miss
400 http fetch GET 200 https://registry.npmjs.org/@babel%2fhelper-validator-identifier 197ms (cache miss)
401 silly packumentCache full:https://registry.npmjs.org/@babel%2fhelper-validator-identifier set size:undefined disposed:false
402 silly fetch manifest jsesc@^3.0.2
403 silly packumentCache full:https://registry.npmjs.org/jsesc cache-miss
404 http fetch GET 200 https://registry.npmjs.org/@jridgewell%2fgen-mapping 272ms (cache miss)
405 silly packumentCache full:https://registry.npmjs.org/@jridgewell%2fgen-mapping set size:undefined disposed:false
406 silly fetch manifest @babel/compat-data@^7.29.7
407 silly packumentCache full:https://registry.npmjs.org/@babel%2fcompat-data cache-miss
408 http fetch GET 200 https://registry.npmjs.org/jsesc 226ms (cache miss)
409 silly packumentCache full:https://registry.npmjs.org/jsesc set size:undefined disposed:false
410 silly fetch manifest @babel/helper-validator-option@^7.29.7
411 silly packumentCache full:https://registry.npmjs.org/@babel%2fhelper-validator-option cache-miss
412 http fetch GET 200 https://registry.npmjs.org/@jridgewell%2ftrace-mapping 306ms (cache miss)
413 silly packumentCache full:https://registry.npmjs.org/@jridgewell%2ftrace-mapping set size:undefined disposed:false
414 silly fetch manifest browserslist@^4.24.0
415 silly packumentCache full:https://registry.npmjs.org/browserslist cache-miss
416 http cache https://registry.npmjs.org/browserslist 201ms (cache hit)
417 silly packumentCache full:https://registry.npmjs.org/browserslist set size:504681 disposed:false
418 silly fetch manifest lru-cache@^5.1.1
419 silly packumentCache full:https://registry.npmjs.org/lru-cache cache-miss
420 http fetch GET 200 https://registry.npmjs.org/@babel%2fhelper-validator-option 284ms (cache miss)
421 silly packumentCache full:https://registry.npmjs.org/@babel%2fhelper-validator-option set size:undefined disposed:false
422 silly fetch manifest @babel/helper-module-imports@^7.29.7
423 silly packumentCache full:https://registry.npmjs.org/@babel%2fhelper-module-imports cache-miss
424 http fetch GET 200 https://registry.npmjs.org/@babel%2fcompat-data 553ms (cache miss)
425 silly packumentCache full:https://registry.npmjs.org/@babel%2fcompat-data set size:undefined disposed:false
426 silly fetch manifest @babel/helper-globals@^7.29.7
427 silly packumentCache full:https://registry.npmjs.org/@babel%2fhelper-globals cache-miss
428 http fetch GET 200 https://registry.npmjs.org/@babel%2fhelper-globals 298ms (cache miss)
429 silly packumentCache full:https://registry.npmjs.org/@babel%2fhelper-globals set size:undefined disposed:false
430 silly fetch manifest debug@^4.3.1
431 silly packumentCache full:https://registry.npmjs.org/debug cache-miss
432 http fetch GET 200 https://registry.npmjs.org/@babel%2fhelper-module-imports 511ms (cache miss)
433 silly packumentCache full:https://registry.npmjs.org/@babel%2fhelper-module-imports set size:undefined disposed:false
434 silly fetch manifest @babel/helper-string-parser@^7.29.7
435 silly packumentCache full:https://registry.npmjs.org/@babel%2fhelper-string-parser cache-miss
436 http fetch GET 200 https://registry.npmjs.org/lru-cache 605ms (cache miss)
437 silly packumentCache full:https://registry.npmjs.org/lru-cache set size:undefined disposed:false
438 silly fetch manifest @jridgewell/gen-mapping@^0.3.5
439 silly packumentCache full:https://registry.npmjs.org/@jridgewell%2fgen-mapping cache-miss
440 http cache https://registry.npmjs.org/debug 251ms (cache hit)
441 silly packumentCache full:https://registry.npmjs.org/debug set size:195840 disposed:false
442 silly fetch manifest @jridgewell/trace-mapping@^0.3.24
443 silly packumentCache full:https://registry.npmjs.org/@jridgewell%2ftrace-mapping cache-miss
444 http cache https://registry.npmjs.org/@jridgewell%2fgen-mapping 415ms (cache hit)
445 silly packumentCache full:https://registry.npmjs.org/@jridgewell%2fgen-mapping set size:75941 disposed:false
446 silly fetch manifest ms@^2.1.3
447 silly packumentCache full:https://registry.npmjs.org/ms cache-miss
448 http fetch GET 200 https://registry.npmjs.org/@babel%2fhelper-string-parser 608ms (cache miss)
449 silly packumentCache full:https://registry.npmjs.org/@babel%2fhelper-string-parser set size:undefined disposed:false
450 http cache https://registry.npmjs.org/@jridgewell%2ftrace-mapping 511ms (cache hit)
451 silly packumentCache full:https://registry.npmjs.org/@jridgewell%2ftrace-mapping set size:170909 disposed:false
452 http fetch GET 200 https://registry.npmjs.org/ms 412ms (cache miss)
453 silly packumentCache full:https://registry.npmjs.org/ms set size:undefined disposed:false
454 silly placeDep ROOT @babel/helper-validator-identifier@7.29.7 OK for: @babel/code-frame@7.29.7 want: ^7.29.7
455 silly placeDep ROOT js-tokens@4.0.0 OK for: @babel/code-frame@7.29.7 want: ^4.0.0
456 silly placeDep ROOT picocolors@1.1.1 OK for: @babel/code-frame@7.29.7 want: ^1.1.1
457 silly placeDep ROOT @jridgewell/gen-mapping@0.3.13 OK for: @babel/generator@7.29.7 want: ^0.3.12
458 silly placeDep ROOT @jridgewell/trace-mapping@0.3.31 OK for: @babel/generator@7.29.7 want: ^0.3.28
459 silly placeDep ROOT jsesc@3.1.0 OK for: @babel/generator@7.29.7 want: ^3.0.2
460 silly fetch manifest @jridgewell/sourcemap-codec@^1.5.0
461 silly packumentCache full:https://registry.npmjs.org/@jridgewell%2fsourcemap-codec cache-miss
462 silly fetch manifest @jridgewell/resolve-uri@^3.1.0
463 silly packumentCache full:https://registry.npmjs.org/@jridgewell%2fresolve-uri cache-miss
464 silly fetch manifest @jridgewell/sourcemap-codec@^1.4.14
465 silly packumentCache full:https://registry.npmjs.org/@jridgewell%2fsourcemap-codec cache-miss
466 http fetch GET 200 https://registry.npmjs.org/@jridgewell%2fsourcemap-codec 239ms (cache miss)
467 silly packumentCache full:https://registry.npmjs.org/@jridgewell%2fsourcemap-codec set size:undefined disposed:false
468 http fetch GET 200 https://registry.npmjs.org/@jridgewell%2fresolve-uri 247ms (cache miss)
469 silly packumentCache full:https://registry.npmjs.org/@jridgewell%2fresolve-uri set size:undefined disposed:false
470 http fetch GET 200 https://registry.npmjs.org/@jridgewell%2fsourcemap-codec 250ms (cache miss)
471 silly packumentCache full:https://registry.npmjs.org/@jridgewell%2fsourcemap-codec set size:undefined disposed:false
472 silly placeDep ROOT @babel/compat-data@7.29.7 OK for: @babel/helper-compilation-targets@7.29.7 want: ^7.29.7
473 silly placeDep ROOT @babel/helper-validator-option@7.29.7 OK for: @babel/helper-compilation-targets@7.29.7 want: ^7.29.7
474 silly placeDep ROOT browserslist@4.28.2 OK for: @babel/helper-compilation-targets@7.29.7 want: ^4.24.0
475 silly placeDep ROOT lru-cache@5.1.1 OK for: @babel/helper-compilation-targets@7.29.7 want: ^5.1.1
476 silly fetch manifest baseline-browser-mapping@^2.10.12
477 silly packumentCache full:https://registry.npmjs.org/baseline-browser-mapping cache-miss
478 silly fetch manifest caniuse-lite@^1.0.30001782
479 silly packumentCache full:https://registry.npmjs.org/caniuse-lite cache-miss
480 silly fetch manifest electron-to-chromium@^1.5.328
481 silly packumentCache full:https://registry.npmjs.org/electron-to-chromium cache-miss
482 http cache https://registry.npmjs.org/caniuse-lite 35ms (cache hit)
483 silly packumentCache full:https://registry.npmjs.org/caniuse-lite set size:2293068 disposed:false
484 silly fetch manifest node-releases@^2.0.36
485 silly packumentCache full:https://registry.npmjs.org/node-releases cache-miss
486 http fetch GET 200 https://registry.npmjs.org/node-releases 441ms (cache miss)
487 silly packumentCache full:https://registry.npmjs.org/node-releases set size:undefined disposed:false
488 silly fetch manifest update-browserslist-db@^1.2.3
489 silly packumentCache full:https://registry.npmjs.org/update-browserslist-db cache-miss
490 http fetch GET 200 https://registry.npmjs.org/baseline-browser-mapping 578ms (cache miss)
491 silly packumentCache full:https://registry.npmjs.org/baseline-browser-mapping set size:undefined disposed:false
492 silly fetch manifest yallist@^3.0.2
493 silly packumentCache full:https://registry.npmjs.org/yallist cache-miss
494 http fetch GET 200 https://registry.npmjs.org/yallist 280ms (cache miss)
495 silly packumentCache full:https://registry.npmjs.org/yallist set size:undefined disposed:false
496 http fetch GET 200 https://registry.npmjs.org/update-browserslist-db 334ms (cache miss)
497 silly packumentCache full:https://registry.npmjs.org/update-browserslist-db set size:undefined disposed:false
498 http fetch GET 200 https://registry.npmjs.org/electron-to-chromium 1641ms (cache miss)
499 silly packumentCache full:https://registry.npmjs.org/electron-to-chromium set size:undefined disposed:false
500 silly placeDep ROOT @babel/helper-module-imports@7.29.7 OK for: @babel/helper-module-transforms@7.29.7 want: ^7.29.7
501 silly placeDep ROOT @babel/helper-plugin-utils@7.29.7 OK for: @babel/plugin-transform-react-jsx-self@7.29.7 want: ^7.29.7
502 silly placeDep ROOT @babel/helper-globals@7.29.7 OK for: @babel/traverse@7.29.7 want: ^7.29.7
503 silly placeDep ROOT @babel/helper-string-parser@7.29.7 OK for: @babel/types@7.29.7 want: ^7.29.7
504 silly placeDep ROOT @jridgewell/sourcemap-codec@1.5.5 OK for: @jridgewell/gen-mapping@0.3.13 want: ^1.5.0
505 silly placeDep ROOT @jridgewell/resolve-uri@3.1.2 OK for: @jridgewell/trace-mapping@0.3.31 want: ^3.1.0
506 silly placeDep ROOT @types/babel__generator@7.27.0 OK for: @types/babel__core@7.20.5 want: *
507 silly placeDep ROOT @types/babel__template@7.4.4 OK for: @types/babel__core@7.20.5 want: *
508 silly placeDep ROOT @types/babel__traverse@7.28.0 OK for: @types/babel__core@7.20.5 want: *
509 silly placeDep ROOT caniuse-lite@1.0.30001793 OK for: autoprefixer@10.5.0 want: ^1.0.30001787
510 silly placeDep ROOT fraction.js@5.3.4 OK for: autoprefixer@10.5.0 want: ^5.3.4
511 silly placeDep ROOT postcss-value-parser@4.2.0 OK for: autoprefixer@10.5.0 want: ^4.2.0
512 silly placeDep ROOT follow-redirects@1.16.0 OK for: axios@1.16.1 want: ^1.16.0
513 silly placeDep ROOT form-data@4.0.5 OK for: axios@1.16.1 want: ^4.0.5
514 silly placeDep ROOT https-proxy-agent@5.0.1 OK for: axios@1.16.1 want: ^5.0.1
515 silly placeDep ROOT proxy-from-env@2.1.0 OK for: axios@1.16.1 want: ^2.1.0
516 silly fetch manifest asynckit@^0.4.0
517 silly packumentCache full:https://registry.npmjs.org/asynckit cache-miss
518 silly fetch manifest combined-stream@^1.0.8
519 silly packumentCache full:https://registry.npmjs.org/combined-stream cache-miss
520 silly fetch manifest es-set-tostringtag@^2.1.0
521 silly packumentCache full:https://registry.npmjs.org/es-set-tostringtag cache-miss
522 http fetch GET 200 https://registry.npmjs.org/asynckit 120ms (cache miss)
523 silly packumentCache full:https://registry.npmjs.org/asynckit set size:undefined disposed:false
524 silly fetch manifest hasown@^2.0.2
525 silly packumentCache full:https://registry.npmjs.org/hasown cache-miss
526 http fetch GET 200 https://registry.npmjs.org/es-set-tostringtag 129ms (cache miss)
527 silly packumentCache full:https://registry.npmjs.org/es-set-tostringtag set size:undefined disposed:false
528 silly fetch manifest mime-types@^2.1.12
529 silly packumentCache full:https://registry.npmjs.org/mime-types cache-miss
530 http fetch GET 200 https://registry.npmjs.org/combined-stream 205ms (cache miss)
531 silly packumentCache full:https://registry.npmjs.org/combined-stream set size:undefined disposed:false
532 silly fetch manifest agent-base@6
533 silly packumentCache full:https://registry.npmjs.org/agent-base cache-miss
534 http fetch GET 200 https://registry.npmjs.org/hasown 182ms (cache miss)
535 silly packumentCache full:https://registry.npmjs.org/hasown set size:undefined disposed:false
536 http fetch GET 200 https://registry.npmjs.org/agent-base 160ms (cache miss)
537 silly packumentCache full:https://registry.npmjs.org/agent-base set size:undefined disposed:false
538 http fetch GET 200 https://registry.npmjs.org/mime-types 271ms (cache miss)
539 silly packumentCache full:https://registry.npmjs.org/mime-types set size:undefined disposed:false
540 silly fetch manifest browserslist@>= 4.21.0
541 silly packumentCache full:https://registry.npmjs.org/browserslist cache-hit
542 silly placeDep ROOT baseline-browser-mapping@2.10.33 OK for: browserslist@4.28.2 want: ^2.10.12
543 silly placeDep ROOT electron-to-chromium@1.5.364 OK for: browserslist@4.28.2 want: ^1.5.328
544 silly placeDep ROOT node-releases@2.0.46 OK for: browserslist@4.28.2 want: ^2.0.36
545 silly placeDep ROOT update-browserslist-db@1.2.3 OK for: browserslist@4.28.2 want: ^1.2.3
546 silly fetch manifest escalade@^3.2.0
547 silly packumentCache full:https://registry.npmjs.org/escalade cache-miss
548 http fetch GET 200 https://registry.npmjs.org/escalade 273ms (cache miss)
549 silly packumentCache full:https://registry.npmjs.org/escalade set size:undefined disposed:false
550 silly placeDep ROOT ms@2.1.3 OK for: debug@4.4.3 want: ^2.1.3
551 silly placeDep ROOT asynckit@0.4.0 OK for: form-data@4.0.5 want: ^0.4.0
552 silly placeDep ROOT combined-stream@1.0.8 OK for: form-data@4.0.5 want: ^1.0.8
553 silly placeDep ROOT es-set-tostringtag@2.1.0 OK for: form-data@4.0.5 want: ^2.1.0
554 silly placeDep ROOT hasown@2.0.4 OK for: form-data@4.0.5 want: ^2.0.2
555 silly placeDep ROOT mime-types@2.1.35 OK for: form-data@4.0.5 want: ^2.1.12
556 silly fetch manifest delayed-stream@~1.0.0
557 silly packumentCache full:https://registry.npmjs.org/delayed-stream cache-miss
558 silly fetch manifest es-errors@^1.3.0
559 silly packumentCache full:https://registry.npmjs.org/es-errors cache-miss
560 silly fetch manifest get-intrinsic@^1.2.6
561 silly packumentCache full:https://registry.npmjs.org/get-intrinsic cache-miss
562 http fetch GET 200 https://registry.npmjs.org/delayed-stream 144ms (cache miss)
563 silly packumentCache full:https://registry.npmjs.org/delayed-stream set size:undefined disposed:false
564 silly fetch manifest has-tostringtag@^1.0.2
565 silly packumentCache full:https://registry.npmjs.org/has-tostringtag cache-miss
566 http fetch GET 200 https://registry.npmjs.org/es-errors 149ms (cache miss)
567 silly packumentCache full:https://registry.npmjs.org/es-errors set size:undefined disposed:false
568 silly fetch manifest function-bind@^1.1.2
569 silly packumentCache full:https://registry.npmjs.org/function-bind cache-miss
570 http fetch GET 200 https://registry.npmjs.org/get-intrinsic 171ms (cache miss)
571 silly packumentCache full:https://registry.npmjs.org/get-intrinsic set size:undefined disposed:false
572 silly fetch manifest mime-db@1.52.0
573 silly packumentCache full:https://registry.npmjs.org/mime-db cache-miss
574 http fetch GET 200 https://registry.npmjs.org/has-tostringtag 97ms (cache miss)
575 silly packumentCache full:https://registry.npmjs.org/has-tostringtag set size:undefined disposed:false
576 http fetch GET 200 https://registry.npmjs.org/function-bind 141ms (cache miss)
577 silly packumentCache full:https://registry.npmjs.org/function-bind set size:undefined disposed:false
578 http fetch GET 200 https://registry.npmjs.org/mime-db 122ms (cache miss)
579 silly packumentCache full:https://registry.npmjs.org/mime-db set size:undefined disposed:false
580 silly placeDep ROOT delayed-stream@1.0.0 OK for: combined-stream@1.0.8 want: ~1.0.0
581 silly placeDep ROOT es-errors@1.3.0 OK for: es-set-tostringtag@2.1.0 want: ^1.3.0
582 silly placeDep ROOT get-intrinsic@1.3.0 OK for: es-set-tostringtag@2.1.0 want: ^1.2.6
583 silly placeDep ROOT has-tostringtag@1.0.2 OK for: es-set-tostringtag@2.1.0 want: ^1.0.2
584 silly fetch manifest gopd@^1.2.0
585 silly packumentCache full:https://registry.npmjs.org/gopd cache-miss
586 silly fetch manifest get-proto@^1.0.1
587 silly packumentCache full:https://registry.npmjs.org/get-proto cache-miss
588 silly fetch manifest has-symbols@^1.1.0
589 silly packumentCache full:https://registry.npmjs.org/has-symbols cache-miss
590 http fetch GET 200 https://registry.npmjs.org/gopd 134ms (cache miss)
591 silly packumentCache full:https://registry.npmjs.org/gopd set size:undefined disposed:false
592 silly fetch manifest es-object-atoms@^1.1.1
593 silly packumentCache full:https://registry.npmjs.org/es-object-atoms cache-miss
594 http fetch GET 200 https://registry.npmjs.org/has-symbols 138ms (cache miss)
595 silly packumentCache full:https://registry.npmjs.org/has-symbols set size:undefined disposed:false
596 silly fetch manifest math-intrinsics@^1.1.0
597 silly packumentCache full:https://registry.npmjs.org/math-intrinsics cache-miss
598 http fetch GET 200 https://registry.npmjs.org/es-object-atoms 88ms (cache miss)
599 silly packumentCache full:https://registry.npmjs.org/es-object-atoms set size:undefined disposed:false
600 silly fetch manifest es-define-property@^1.0.1
601 silly packumentCache full:https://registry.npmjs.org/es-define-property cache-miss
602 http fetch GET 200 https://registry.npmjs.org/math-intrinsics 172ms (cache miss)
603 silly packumentCache full:https://registry.npmjs.org/math-intrinsics set size:undefined disposed:false
604 silly fetch manifest call-bind-apply-helpers@^1.0.2
605 silly packumentCache full:https://registry.npmjs.org/call-bind-apply-helpers cache-miss
606 http fetch GET 200 https://registry.npmjs.org/get-proto 322ms (cache miss)
607 silly packumentCache full:https://registry.npmjs.org/get-proto set size:undefined disposed:false
608 silly fetch manifest has-symbols@^1.0.3
609 silly packumentCache full:https://registry.npmjs.org/has-symbols cache-miss
610 http fetch GET 200 https://registry.npmjs.org/es-define-property 288ms (cache miss)
611 silly packumentCache full:https://registry.npmjs.org/es-define-property set size:undefined disposed:false
612 http cache https://registry.npmjs.org/has-symbols 310ms (cache hit)
613 silly packumentCache full:https://registry.npmjs.org/has-symbols set size:21550 disposed:false
614 http fetch GET 200 https://registry.npmjs.org/call-bind-apply-helpers 345ms (cache miss)
615 silly packumentCache full:https://registry.npmjs.org/call-bind-apply-helpers set size:undefined disposed:false
616 silly placeDep ROOT call-bind-apply-helpers@1.0.2 OK for: get-intrinsic@1.3.0 want: ^1.0.2
617 silly placeDep ROOT es-define-property@1.0.1 OK for: get-intrinsic@1.3.0 want: ^1.0.1
618 silly placeDep ROOT es-object-atoms@1.1.2 OK for: get-intrinsic@1.3.0 want: ^1.1.1
619 silly placeDep ROOT function-bind@1.1.2 OK for: get-intrinsic@1.3.0 want: ^1.1.2
620 silly placeDep ROOT get-proto@1.0.1 OK for: get-intrinsic@1.3.0 want: ^1.0.1
621 silly placeDep ROOT gopd@1.2.0 OK for: get-intrinsic@1.3.0 want: ^1.2.0
622 silly placeDep ROOT has-symbols@1.1.0 OK for: get-intrinsic@1.3.0 want: ^1.1.0
623 silly placeDep ROOT math-intrinsics@1.1.0 OK for: get-intrinsic@1.3.0 want: ^1.1.0
624 silly fetch manifest dunder-proto@^1.0.1
625 silly packumentCache full:https://registry.npmjs.org/dunder-proto cache-miss
626 http fetch GET 200 https://registry.npmjs.org/dunder-proto 155ms (cache miss)
627 silly packumentCache full:https://registry.npmjs.org/dunder-proto set size:undefined disposed:false
628 silly placeDep ROOT dunder-proto@1.0.1 OK for: get-proto@1.0.1 want: ^1.0.1
629 silly placeDep ROOT agent-base@6.0.2 OK for: https-proxy-agent@5.0.1 want: 6
630 silly placeDep ROOT yallist@3.1.1 OK for: lru-cache@5.1.1 want: ^3.0.2
631 silly placeDep ROOT mime-db@1.52.0 OK for: mime-types@2.1.35 want: 1.52.0
632 silly placeDep ROOT nanoid@3.3.12 OK for: postcss@8.5.15 want: ^3.3.12
633 silly placeDep ROOT source-map-js@1.2.1 OK for: postcss@8.5.15 want: ^1.2.1
634 silly placeDep ROOT loose-envify@1.4.0 OK for: react@18.3.1 want: ^1.1.0
635 silly placeDep ROOT scheduler@0.23.2 OK for: react-dom@18.3.1 want: ^0.23.2
636 silly fetch manifest react@>=16.8
637 silly packumentCache full:https://registry.npmjs.org/react cache-miss
638 http cache https://registry.npmjs.org/react 163ms (cache hit)
639 silly packumentCache full:https://registry.npmjs.org/react set size:6668742 disposed:false
640 silly placeDep ROOT @remix-run/router@1.23.3 OK for: react-router-dom@6.30.4 want: 1.23.3
641 silly placeDep ROOT react-router@6.30.4 OK for: react-router-dom@6.30.4 want: 6.30.4
642 silly fetch manifest postcss@^8.4.47
643 silly packumentCache full:https://registry.npmjs.org/postcss cache-hit
644 silly fetch manifest tsx@^4.8.1
645 silly packumentCache full:https://registry.npmjs.org/tsx cache-miss
646 http fetch GET 200 https://registry.npmjs.org/tsx 98ms (cache miss)
647 silly packumentCache full:https://registry.npmjs.org/tsx set size:undefined disposed:false
648 silly fetch manifest yaml@^2.4.2
649 silly packumentCache full:https://registry.npmjs.org/yaml cache-miss
650 http fetch GET 200 https://registry.npmjs.org/yaml 102ms (cache miss)
651 silly packumentCache full:https://registry.npmjs.org/yaml set size:undefined disposed:false
652 silly placeDep ROOT @alloc/quick-lru@5.2.0 OK for: tailwindcss@3.4.19 want: ^5.2.0
653 silly placeDep ROOT arg@5.0.2 OK for: tailwindcss@3.4.19 want: ^5.0.2
654 silly placeDep ROOT chokidar@3.6.0 OK for: tailwindcss@3.4.19 want: ^3.6.0
655 silly placeDep ROOT didyoumean@1.2.2 OK for: tailwindcss@3.4.19 want: ^1.2.2
656 silly placeDep ROOT dlv@1.1.3 OK for: tailwindcss@3.4.19 want: ^1.1.3
657 silly placeDep ROOT fast-glob@3.3.3 OK for: tailwindcss@3.4.19 want: ^3.3.2
658 silly placeDep ROOT glob-parent@6.0.2 OK for: tailwindcss@3.4.19 want: ^6.0.2
659 silly placeDep ROOT is-glob@4.0.3 OK for: tailwindcss@3.4.19 want: ^4.0.3
660 silly placeDep ROOT jiti@1.21.7 OK for: tailwindcss@3.4.19 want: ^1.21.7
661 silly placeDep ROOT lilconfig@3.1.3 OK for: tailwindcss@3.4.19 want: ^3.1.3
662 silly placeDep ROOT micromatch@4.0.8 OK for: tailwindcss@3.4.19 want: ^4.0.8
663 silly placeDep ROOT normalize-path@3.0.0 OK for: tailwindcss@3.4.19 want: ^3.0.0
664 silly placeDep ROOT object-hash@3.0.0 OK for: tailwindcss@3.4.19 want: ^3.0.0
665 silly placeDep ROOT postcss-import@15.1.0 OK for: tailwindcss@3.4.19 want: ^15.1.0
666 silly placeDep ROOT postcss-js@4.1.0 OK for: tailwindcss@3.4.19 want: ^4.0.1
667 silly placeDep ROOT postcss-load-config@6.0.1 OK for: tailwindcss@3.4.19 want: ^4.0.2 || ^5.0 || ^6.0
668 silly placeDep ROOT postcss-nested@6.2.0 OK for: tailwindcss@3.4.19 want: ^6.2.0
669 silly placeDep ROOT postcss-selector-parser@6.1.2 OK for: tailwindcss@3.4.19 want: ^6.1.2
670 silly placeDep ROOT resolve@1.22.12 OK for: tailwindcss@3.4.19 want: ^1.22.8
671 silly placeDep ROOT sucrase@3.35.1 OK for: tailwindcss@3.4.19 want: ^3.35.0
672 silly fetch manifest braces@~3.0.2
673 silly packumentCache full:https://registry.npmjs.org/braces cache-miss
674 silly fetch manifest is-glob@~4.0.1
675 silly packumentCache full:https://registry.npmjs.org/is-glob cache-miss
676 silly fetch manifest anymatch@~3.1.2
677 silly packumentCache full:https://registry.npmjs.org/anymatch cache-miss
678 http cache https://registry.npmjs.org/is-glob 159ms (cache hit)
679 silly packumentCache full:https://registry.npmjs.org/is-glob set size:40530 disposed:false
680 silly fetch manifest readdirp@~3.6.0
681 silly packumentCache full:https://registry.npmjs.org/readdirp cache-miss
682 http fetch GET 200 https://registry.npmjs.org/anymatch 378ms (cache miss)
683 silly packumentCache full:https://registry.npmjs.org/anymatch set size:undefined disposed:false
684 silly fetch manifest glob-parent@~5.1.2
685 silly packumentCache full:https://registry.npmjs.org/glob-parent cache-miss
686 http fetch GET 200 https://registry.npmjs.org/braces 447ms (cache miss)
687 silly packumentCache full:https://registry.npmjs.org/braces set size:undefined disposed:false
688 silly fetch manifest is-binary-path@~2.1.0
689 silly packumentCache full:https://registry.npmjs.org/is-binary-path cache-miss
690 http cache https://registry.npmjs.org/glob-parent 274ms (cache hit)
691 silly packumentCache full:https://registry.npmjs.org/glob-parent set size:42445 disposed:false
692 silly fetch manifest normalize-path@~3.0.0
693 silly packumentCache full:https://registry.npmjs.org/normalize-path cache-miss
694 http fetch GET 200 https://registry.npmjs.org/readdirp 545ms (cache miss)
695 silly packumentCache full:https://registry.npmjs.org/readdirp set size:undefined disposed:false
696 silly fetch manifest fsevents@~2.3.2
697 silly packumentCache full:https://registry.npmjs.org/fsevents cache-miss
698 http fetch GET 200 https://registry.npmjs.org/is-binary-path 340ms (cache miss)
699 silly packumentCache full:https://registry.npmjs.org/is-binary-path set size:undefined disposed:false
700 silly fetch manifest @nodelib/fs.stat@^2.0.2
701 silly packumentCache full:https://registry.npmjs.org/@nodelib%2ffs.stat cache-miss
702 http cache https://registry.npmjs.org/normalize-path 143ms (cache hit)
703 silly packumentCache full:https://registry.npmjs.org/normalize-path set size:28713 disposed:false
704 silly fetch manifest @nodelib/fs.walk@^1.2.3
705 silly packumentCache full:https://registry.npmjs.org/@nodelib%2ffs.walk cache-miss
706 http cache https://registry.npmjs.org/fsevents 121ms (cache hit)
707 silly packumentCache full:https://registry.npmjs.org/fsevents set size:182472 disposed:false
708 silly fetch manifest glob-parent@^5.1.2
709 silly packumentCache full:https://registry.npmjs.org/glob-parent cache-hit
710 silly fetch manifest merge2@^1.3.0
711 silly packumentCache full:https://registry.npmjs.org/merge2 cache-miss
712 http fetch GET 200 https://registry.npmjs.org/@nodelib%2ffs.stat 240ms (cache miss)
713 silly packumentCache full:https://registry.npmjs.org/@nodelib%2ffs.stat set size:undefined disposed:false
714 silly fetch manifest is-extglob@^2.1.1
715 silly packumentCache full:https://registry.npmjs.org/is-extglob cache-miss
716 http fetch GET 200 https://registry.npmjs.org/@nodelib%2ffs.walk 253ms (cache miss)
717 silly packumentCache full:https://registry.npmjs.org/@nodelib%2ffs.walk set size:undefined disposed:false
718 silly fetch manifest braces@^3.0.3
719 silly packumentCache full:https://registry.npmjs.org/braces cache-miss
720 http fetch GET 200 https://registry.npmjs.org/merge2 319ms (cache miss)
721 silly packumentCache full:https://registry.npmjs.org/merge2 set size:undefined disposed:false
722 silly fetch manifest picomatch@^2.3.1
723 silly packumentCache full:https://registry.npmjs.org/picomatch cache-miss
724 http fetch GET 200 https://registry.npmjs.org/is-extglob 265ms (cache miss)
725 silly packumentCache full:https://registry.npmjs.org/is-extglob set size:undefined disposed:false
726 silly fetch manifest resolve@^1.1.7
727 silly packumentCache full:https://registry.npmjs.org/resolve cache-miss
728 http cache https://registry.npmjs.org/braces 292ms (cache hit)
729 silly packumentCache full:https://registry.npmjs.org/braces set size:114529 disposed:false
730 silly fetch manifest read-cache@^1.0.0
731 silly packumentCache full:https://registry.npmjs.org/read-cache cache-miss
732 http cache https://registry.npmjs.org/resolve 364ms (cache hit)
733 silly packumentCache full:https://registry.npmjs.org/resolve set size:244568 disposed:false
734 silly fetch manifest camelcase-css@^2.0.1
735 silly packumentCache full:https://registry.npmjs.org/camelcase-css cache-miss
736 http fetch GET 200 https://registry.npmjs.org/read-cache 435ms (cache miss)
737 silly packumentCache full:https://registry.npmjs.org/read-cache set size:undefined disposed:false
738 silly fetch manifest postcss-selector-parser@^6.1.1
739 silly packumentCache full:https://registry.npmjs.org/postcss-selector-parser cache-miss
740 http fetch GET 200 https://registry.npmjs.org/picomatch 700ms (cache miss)
741 silly packumentCache full:https://registry.npmjs.org/picomatch set size:undefined disposed:false
742 silly fetch manifest cssesc@^3.0.0
743 silly packumentCache full:https://registry.npmjs.org/cssesc cache-miss
744 http fetch GET 200 https://registry.npmjs.org/camelcase-css 397ms (cache miss)
745 silly packumentCache full:https://registry.npmjs.org/camelcase-css set size:undefined disposed:false
746 silly fetch manifest util-deprecate@^1.0.2
747 silly packumentCache full:https://registry.npmjs.org/util-deprecate cache-miss
748 http cache https://registry.npmjs.org/postcss-selector-parser 252ms (cache hit)
749 silly packumentCache full:https://registry.npmjs.org/postcss-selector-parser set size:177140 disposed:false
750 silly fetch manifest path-parse@^1.0.7
751 silly packumentCache full:https://registry.npmjs.org/path-parse cache-miss
752 http fetch GET 200 https://registry.npmjs.org/cssesc 252ms (cache miss)
753 silly packumentCache full:https://registry.npmjs.org/cssesc set size:undefined disposed:false
754 silly fetch manifest is-core-module@^2.16.1
755 silly packumentCache full:https://registry.npmjs.org/is-core-module cache-miss
756 http fetch GET 200 https://registry.npmjs.org/path-parse 84ms (cache miss)
757 silly packumentCache full:https://registry.npmjs.org/path-parse set size:undefined disposed:false
758 silly fetch manifest supports-preserve-symlinks-flag@^1.0.0
759 silly packumentCache full:https://registry.npmjs.org/supports-preserve-symlinks-flag cache-miss
760 http fetch GET 200 https://registry.npmjs.org/util-deprecate 152ms (cache miss)
761 silly packumentCache full:https://registry.npmjs.org/util-deprecate set size:undefined disposed:false
762 silly fetch manifest commander@^4.0.0
763 silly packumentCache full:https://registry.npmjs.org/commander cache-miss
764 http fetch GET 200 https://registry.npmjs.org/is-core-module 100ms (cache miss)
765 silly packumentCache full:https://registry.npmjs.org/is-core-module set size:undefined disposed:false
766 silly fetch manifest lines-and-columns@^1.1.6
767 silly packumentCache full:https://registry.npmjs.org/lines-and-columns cache-miss
768 http fetch GET 200 https://registry.npmjs.org/supports-preserve-symlinks-flag 171ms (cache miss)
769 silly packumentCache full:https://registry.npmjs.org/supports-preserve-symlinks-flag set size:undefined disposed:false
770 silly fetch manifest mz@^2.7.0
771 silly packumentCache full:https://registry.npmjs.org/mz cache-miss
772 http fetch GET 200 https://registry.npmjs.org/lines-and-columns 602ms (cache miss)
773 silly packumentCache full:https://registry.npmjs.org/lines-and-columns set size:undefined disposed:false
774 silly fetch manifest pirates@^4.0.1
775 silly packumentCache full:https://registry.npmjs.org/pirates cache-miss
776 http fetch GET 200 https://registry.npmjs.org/mz 639ms (cache miss)
777 silly packumentCache full:https://registry.npmjs.org/mz set size:undefined disposed:false
778 silly fetch manifest tinyglobby@^0.2.11
779 silly packumentCache full:https://registry.npmjs.org/tinyglobby cache-miss
780 http fetch GET 200 https://registry.npmjs.org/pirates 154ms (cache miss)
781 silly packumentCache full:https://registry.npmjs.org/pirates set size:undefined disposed:false
782 silly fetch manifest ts-interface-checker@^0.1.9
783 silly packumentCache full:https://registry.npmjs.org/ts-interface-checker cache-miss
784 http fetch GET 200 https://registry.npmjs.org/commander 1329ms (cache miss)
785 silly packumentCache full:https://registry.npmjs.org/commander set size:undefined disposed:false
786 http fetch GET 200 https://registry.npmjs.org/tinyglobby 879ms (cache miss)
787 silly packumentCache full:https://registry.npmjs.org/tinyglobby set size:undefined disposed:false
788 http fetch GET 200 https://registry.npmjs.org/ts-interface-checker 876ms (cache miss)
789 silly packumentCache full:https://registry.npmjs.org/ts-interface-checker set size:undefined disposed:false
790 silly placeDep ROOT anymatch@3.1.3 OK for: chokidar@3.6.0 want: ~3.1.2
791 silly placeDep ROOT braces@3.0.3 OK for: chokidar@3.6.0 want: ~3.0.2
792 silly placeDep ROOT fsevents@2.3.3 OK for: chokidar@3.6.0 want: ~2.3.2
793 silly placeDep node_modules/chokidar glob-parent@5.1.2 OK for: chokidar@3.6.0 want: ~5.1.2
794 silly placeDep ROOT is-binary-path@2.1.0 OK for: chokidar@3.6.0 want: ~2.1.0
795 silly placeDep ROOT readdirp@3.6.0 OK for: chokidar@3.6.0 want: ~3.6.0
796 silly fetch manifest picomatch@^2.0.4
797 silly packumentCache full:https://registry.npmjs.org/picomatch cache-miss
798 silly fetch manifest fill-range@^7.1.1
799 silly packumentCache full:https://registry.npmjs.org/fill-range cache-miss
800 silly fetch manifest binary-extensions@^2.0.0
801 silly packumentCache full:https://registry.npmjs.org/binary-extensions cache-miss
802 http cache https://registry.npmjs.org/picomatch 285ms (cache hit)
803 silly packumentCache full:https://registry.npmjs.org/picomatch set size:126376 disposed:false
804 silly fetch manifest picomatch@^2.2.1
805 silly packumentCache full:https://registry.npmjs.org/picomatch cache-hit
806 http fetch GET 200 https://registry.npmjs.org/binary-extensions 287ms (cache miss)
807 silly packumentCache full:https://registry.npmjs.org/binary-extensions set size:undefined disposed:false
808 http fetch GET 200 https://registry.npmjs.org/fill-range 291ms (cache miss)
809 silly packumentCache full:https://registry.npmjs.org/fill-range set size:undefined disposed:false
810 silly placeDep ROOT picomatch@2.3.2 OK for: anymatch@3.1.3 want: ^2.0.4
811 silly placeDep ROOT fill-range@7.1.1 OK for: braces@3.0.3 want: ^7.1.1
812 silly fetch manifest to-regex-range@^5.0.1
813 silly packumentCache full:https://registry.npmjs.org/to-regex-range cache-miss
814 http fetch GET 200 https://registry.npmjs.org/to-regex-range 63ms (cache miss)
815 silly packumentCache full:https://registry.npmjs.org/to-regex-range set size:undefined disposed:false
816 silly placeDep ROOT @nodelib/fs.stat@2.0.5 OK for: fast-glob@3.3.3 want: ^2.0.2
817 silly placeDep ROOT @nodelib/fs.walk@1.2.8 OK for: fast-glob@3.3.3 want: ^1.2.3
818 silly placeDep node_modules/fast-glob glob-parent@5.1.2 OK for: fast-glob@3.3.3 want: ^5.1.2
819 silly placeDep ROOT merge2@1.4.1 OK for: fast-glob@3.3.3 want: ^1.3.0
820 silly fetch manifest fastq@^1.6.0
821 silly packumentCache full:https://registry.npmjs.org/fastq cache-miss
822 silly fetch manifest @nodelib/fs.scandir@2.1.5
823 silly packumentCache full:https://registry.npmjs.org/@nodelib%2ffs.scandir cache-miss
824 http fetch GET 200 https://registry.npmjs.org/fastq 67ms (cache miss)
825 silly packumentCache full:https://registry.npmjs.org/fastq set size:undefined disposed:false
826 http fetch GET 200 https://registry.npmjs.org/@nodelib%2ffs.scandir 110ms (cache miss)
827 silly packumentCache full:https://registry.npmjs.org/@nodelib%2ffs.scandir set size:undefined disposed:false
828 silly placeDep ROOT @nodelib/fs.scandir@2.1.5 OK for: @nodelib/fs.walk@1.2.8 want: 2.1.5
829 silly placeDep ROOT fastq@1.20.1 OK for: @nodelib/fs.walk@1.2.8 want: ^1.6.0
830 silly fetch manifest run-parallel@^1.1.9
831 silly packumentCache full:https://registry.npmjs.org/run-parallel cache-miss
832 silly fetch manifest reusify@^1.0.4
833 silly packumentCache full:https://registry.npmjs.org/reusify cache-miss
834 http fetch GET 200 https://registry.npmjs.org/run-parallel 67ms (cache miss)
835 silly packumentCache full:https://registry.npmjs.org/run-parallel set size:undefined disposed:false
836 http fetch GET 200 https://registry.npmjs.org/reusify 73ms (cache miss)
837 silly packumentCache full:https://registry.npmjs.org/reusify set size:undefined disposed:false
838 silly placeDep ROOT run-parallel@1.2.0 OK for: @nodelib/fs.scandir@2.1.5 want: ^1.1.9
839 silly fetch manifest queue-microtask@^1.2.2
840 silly packumentCache full:https://registry.npmjs.org/queue-microtask cache-miss
841 http fetch GET 200 https://registry.npmjs.org/queue-microtask 113ms (cache miss)
842 silly packumentCache full:https://registry.npmjs.org/queue-microtask set size:undefined disposed:false
843 silly placeDep ROOT reusify@1.1.0 OK for: fastq@1.20.1 want: ^1.0.4
844 silly placeDep ROOT to-regex-range@5.0.1 OK for: fill-range@7.1.1 want: ^5.0.1
845 silly fetch manifest is-number@^7.0.0
846 silly packumentCache full:https://registry.npmjs.org/is-number cache-miss
847 http fetch GET 200 https://registry.npmjs.org/is-number 67ms (cache miss)
848 silly packumentCache full:https://registry.npmjs.org/is-number set size:undefined disposed:false
849 silly placeDep ROOT binary-extensions@2.3.0 OK for: is-binary-path@2.1.0 want: ^2.0.0
850 silly placeDep ROOT is-extglob@2.1.1 OK for: is-glob@4.0.3 want: ^2.1.1
851 silly placeDep ROOT read-cache@1.0.0 OK for: postcss-import@15.1.0 want: ^1.0.0
852 silly fetch manifest pify@^2.3.0
853 silly packumentCache full:https://registry.npmjs.org/pify cache-miss
854 http fetch GET 200 https://registry.npmjs.org/pify 59ms (cache miss)
855 silly packumentCache full:https://registry.npmjs.org/pify set size:undefined disposed:false
856 silly placeDep ROOT camelcase-css@2.0.1 OK for: postcss-js@4.1.0 want: ^2.0.1
857 silly placeDep ROOT cssesc@3.0.0 OK for: postcss-selector-parser@6.1.2 want: ^3.0.0
858 silly placeDep ROOT util-deprecate@1.0.2 OK for: postcss-selector-parser@6.1.2 want: ^1.0.2
859 silly placeDep ROOT pify@2.3.0 OK for: read-cache@1.0.0 want: ^2.3.0
860 silly placeDep ROOT is-core-module@2.16.2 OK for: resolve@1.22.12 want: ^2.16.1
861 silly placeDep ROOT path-parse@1.0.7 OK for: resolve@1.22.12 want: ^1.0.7
862 silly placeDep ROOT supports-preserve-symlinks-flag@1.0.0 OK for: resolve@1.22.12 want: ^1.0.0
863 silly placeDep ROOT queue-microtask@1.2.3 OK for: run-parallel@1.2.0 want: ^1.2.2
864 silly placeDep ROOT commander@4.1.1 OK for: sucrase@3.35.1 want: ^4.0.0
865 silly placeDep ROOT lines-and-columns@1.2.4 OK for: sucrase@3.35.1 want: ^1.1.6
866 silly placeDep ROOT mz@2.7.0 OK for: sucrase@3.35.1 want: ^2.7.0
867 silly placeDep ROOT pirates@4.0.7 OK for: sucrase@3.35.1 want: ^4.0.1
868 silly placeDep ROOT tinyglobby@0.2.17 OK for: sucrase@3.35.1 want: ^0.2.11
869 silly placeDep ROOT ts-interface-checker@0.1.13 OK for: sucrase@3.35.1 want: ^0.1.9
870 silly fetch manifest any-promise@^1.0.0
871 silly packumentCache full:https://registry.npmjs.org/any-promise cache-miss
872 silly fetch manifest object-assign@^4.0.1
873 silly packumentCache full:https://registry.npmjs.org/object-assign cache-miss
874 silly fetch manifest thenify-all@^1.0.0
875 silly packumentCache full:https://registry.npmjs.org/thenify-all cache-miss
876 http fetch GET 200 https://registry.npmjs.org/any-promise 116ms (cache miss)
877 silly packumentCache full:https://registry.npmjs.org/any-promise set size:undefined disposed:false
878 silly fetch manifest fdir@^6.5.0
879 silly packumentCache full:https://registry.npmjs.org/fdir cache-miss
880 http fetch GET 200 https://registry.npmjs.org/thenify-all 132ms (cache miss)
881 silly packumentCache full:https://registry.npmjs.org/thenify-all set size:undefined disposed:false
882 silly fetch manifest picomatch@^4.0.4
883 silly packumentCache full:https://registry.npmjs.org/picomatch cache-hit
884 http fetch GET 200 https://registry.npmjs.org/object-assign 140ms (cache miss)
885 silly packumentCache full:https://registry.npmjs.org/object-assign set size:undefined disposed:false
886 http fetch GET 200 https://registry.npmjs.org/fdir 165ms (cache miss)
887 silly packumentCache full:https://registry.npmjs.org/fdir set size:undefined disposed:false
888 silly placeDep ROOT any-promise@1.3.0 OK for: mz@2.7.0 want: ^1.0.0
889 silly placeDep ROOT object-assign@4.1.1 OK for: mz@2.7.0 want: ^4.0.1
890 silly placeDep ROOT thenify-all@1.6.0 OK for: mz@2.7.0 want: ^1.0.0
891 silly fetch manifest thenify@>= 3.1.0 < 4
892 silly packumentCache full:https://registry.npmjs.org/thenify cache-miss
893 http fetch GET 200 https://registry.npmjs.org/thenify 74ms (cache miss)
894 silly packumentCache full:https://registry.npmjs.org/thenify set size:undefined disposed:false
895 silly placeDep ROOT thenify@3.3.1 OK for: thenify-all@1.6.0 want: >= 3.1.0 < 4
896 silly placeDep node_modules/tinyglobby fdir@6.5.0 OK for: tinyglobby@0.2.17 want: ^6.5.0
897 silly placeDep node_modules/tinyglobby picomatch@4.0.4 OK for: fdir@6.5.0 want: ^3 || ^4
898 silly placeDep ROOT is-number@7.0.0 OK for: to-regex-range@5.0.1 want: ^7.0.0
899 silly placeDep ROOT escalade@3.2.0 OK for: update-browserslist-db@1.2.3 want: ^3.2.0
900 silly placeDep ROOT esbuild@0.21.5 OK for: vite@5.4.21 want: ^0.21.3
901 silly placeDep ROOT rollup@4.61.0 OK for: vite@5.4.21 want: ^4.20.0
902 silly fetch manifest @esbuild/aix-ppc64@0.21.5
903 silly packumentCache full:https://registry.npmjs.org/@esbuild%2faix-ppc64 cache-miss
904 silly fetch manifest @esbuild/linux-arm@0.21.5
905 silly packumentCache full:https://registry.npmjs.org/@esbuild%2flinux-arm cache-miss
906 silly fetch manifest @esbuild/linux-x64@0.21.5
907 silly packumentCache full:https://registry.npmjs.org/@esbuild%2flinux-x64 cache-miss
908 http fetch GET 200 https://registry.npmjs.org/@esbuild%2flinux-x64 193ms (cache miss)
909 silly packumentCache full:https://registry.npmjs.org/@esbuild%2flinux-x64 set size:undefined disposed:false
910 silly fetch manifest @esbuild/sunos-x64@0.21.5
911 silly packumentCache full:https://registry.npmjs.org/@esbuild%2fsunos-x64 cache-miss
912 http fetch GET 200 https://registry.npmjs.org/@esbuild%2flinux-arm 214ms (cache miss)
913 silly packumentCache full:https://registry.npmjs.org/@esbuild%2flinux-arm set size:undefined disposed:false
914 silly fetch manifest @esbuild/win32-x64@0.21.5
915 silly packumentCache full:https://registry.npmjs.org/@esbuild%2fwin32-x64 cache-miss
916 http fetch GET 200 https://registry.npmjs.org/@esbuild%2faix-ppc64 279ms (cache miss)
917 silly packumentCache full:https://registry.npmjs.org/@esbuild%2faix-ppc64 set size:undefined disposed:false
918 silly fetch manifest @esbuild/darwin-x64@0.21.5
919 silly packumentCache full:https://registry.npmjs.org/@esbuild%2fdarwin-x64 cache-miss
920 http fetch GET 200 https://registry.npmjs.org/@esbuild%2fdarwin-x64 96ms (cache miss)
921 silly packumentCache full:https://registry.npmjs.org/@esbuild%2fdarwin-x64 set size:undefined disposed:false
922 silly fetch manifest @esbuild/linux-ia32@0.21.5
923 silly packumentCache full:https://registry.npmjs.org/@esbuild%2flinux-ia32 cache-miss
924 http fetch GET 200 https://registry.npmjs.org/@esbuild%2fsunos-x64 185ms (cache miss)
925 silly packumentCache full:https://registry.npmjs.org/@esbuild%2fsunos-x64 set size:undefined disposed:false
926 silly fetch manifest @esbuild/netbsd-x64@0.21.5
927 silly packumentCache full:https://registry.npmjs.org/@esbuild%2fnetbsd-x64 cache-miss
928 http fetch GET 200 https://registry.npmjs.org/@esbuild%2fwin32-x64 233ms (cache miss)
929 silly packumentCache full:https://registry.npmjs.org/@esbuild%2fwin32-x64 set size:undefined disposed:false
930 silly fetch manifest @esbuild/win32-ia32@0.21.5
931 silly packumentCache full:https://registry.npmjs.org/@esbuild%2fwin32-ia32 cache-miss
932 http fetch GET 200 https://registry.npmjs.org/@esbuild%2fnetbsd-x64 508ms (cache miss)
933 silly packumentCache full:https://registry.npmjs.org/@esbuild%2fnetbsd-x64 set size:undefined disposed:false
934 silly fetch manifest @esbuild/android-arm@0.21.5
935 silly packumentCache full:https://registry.npmjs.org/@esbuild%2fandroid-arm cache-miss
936 http fetch GET 200 https://registry.npmjs.org/@esbuild%2flinux-ia32 561ms (cache miss)
937 silly packumentCache full:https://registry.npmjs.org/@esbuild%2flinux-ia32 set size:undefined disposed:false
938 silly fetch manifest @esbuild/android-x64@0.21.5
939 silly packumentCache full:https://registry.npmjs.org/@esbuild%2fandroid-x64 cache-miss
940 http fetch GET 200 https://registry.npmjs.org/@esbuild%2fwin32-ia32 506ms (cache miss)
941 silly packumentCache full:https://registry.npmjs.org/@esbuild%2fwin32-ia32 set size:undefined disposed:false
942 silly fetch manifest @esbuild/freebsd-x64@0.21.5
943 silly packumentCache full:https://registry.npmjs.org/@esbuild%2ffreebsd-x64 cache-miss
944 http fetch GET 200 https://registry.npmjs.org/@esbuild%2fandroid-x64 232ms (cache miss)
945 silly packumentCache full:https://registry.npmjs.org/@esbuild%2fandroid-x64 set size:undefined disposed:false
946 silly fetch manifest @esbuild/linux-arm64@0.21.5
947 silly packumentCache full:https://registry.npmjs.org/@esbuild%2flinux-arm64 cache-miss
948 http fetch GET 200 https://registry.npmjs.org/@esbuild%2fandroid-arm 304ms (cache miss)
949 silly packumentCache full:https://registry.npmjs.org/@esbuild%2fandroid-arm set size:undefined disposed:false
950 silly fetch manifest @esbuild/linux-ppc64@0.21.5
951 silly packumentCache full:https://registry.npmjs.org/@esbuild%2flinux-ppc64 cache-miss
952 http fetch GET 200 https://registry.npmjs.org/@esbuild%2ffreebsd-x64 305ms (cache miss)
953 silly packumentCache full:https://registry.npmjs.org/@esbuild%2ffreebsd-x64 set size:undefined disposed:false
954 silly fetch manifest @esbuild/linux-s390x@0.21.5
955 silly packumentCache full:https://registry.npmjs.org/@esbuild%2flinux-s390x cache-miss
956 http fetch GET 200 https://registry.npmjs.org/@esbuild%2flinux-arm64 279ms (cache miss)
957 silly packumentCache full:https://registry.npmjs.org/@esbuild%2flinux-arm64 set size:undefined disposed:false
958 silly fetch manifest @esbuild/openbsd-x64@0.21.5
959 silly packumentCache full:https://registry.npmjs.org/@esbuild%2fopenbsd-x64 cache-miss
960 http fetch GET 200 https://registry.npmjs.org/@esbuild%2flinux-ppc64 280ms (cache miss)
961 silly packumentCache full:https://registry.npmjs.org/@esbuild%2flinux-ppc64 set size:undefined disposed:false
962 silly fetch manifest @esbuild/win32-arm64@0.21.5
963 silly packumentCache full:https://registry.npmjs.org/@esbuild%2fwin32-arm64 cache-miss
964 http fetch GET 200 https://registry.npmjs.org/@esbuild%2flinux-s390x 280ms (cache miss)
965 silly packumentCache full:https://registry.npmjs.org/@esbuild%2flinux-s390x set size:undefined disposed:false
966 silly fetch manifest @esbuild/darwin-arm64@0.21.5
967 silly packumentCache full:https://registry.npmjs.org/@esbuild%2fdarwin-arm64 cache-miss
968 http fetch GET 200 https://registry.npmjs.org/@esbuild%2fopenbsd-x64 255ms (cache miss)
969 silly packumentCache full:https://registry.npmjs.org/@esbuild%2fopenbsd-x64 set size:undefined disposed:false
970 silly fetch manifest @esbuild/android-arm64@0.21.5
971 silly packumentCache full:https://registry.npmjs.org/@esbuild%2fandroid-arm64 cache-miss
972 http fetch GET 200 https://registry.npmjs.org/@esbuild%2fwin32-arm64 346ms (cache miss)
973 silly packumentCache full:https://registry.npmjs.org/@esbuild%2fwin32-arm64 set size:undefined disposed:false
974 silly fetch manifest @esbuild/freebsd-arm64@0.21.5
975 silly packumentCache full:https://registry.npmjs.org/@esbuild%2ffreebsd-arm64 cache-miss
976 http fetch GET 200 https://registry.npmjs.org/@esbuild%2fdarwin-arm64 391ms (cache miss)
977 silly packumentCache full:https://registry.npmjs.org/@esbuild%2fdarwin-arm64 set size:undefined disposed:false
978 silly fetch manifest @esbuild/linux-loong64@0.21.5
979 silly packumentCache full:https://registry.npmjs.org/@esbuild%2flinux-loong64 cache-miss
980 http fetch GET 200 https://registry.npmjs.org/@esbuild%2fandroid-arm64 366ms (cache miss)
981 silly packumentCache full:https://registry.npmjs.org/@esbuild%2fandroid-arm64 set size:undefined disposed:false
982 silly fetch manifest @esbuild/linux-riscv64@0.21.5
983 silly packumentCache full:https://registry.npmjs.org/@esbuild%2flinux-riscv64 cache-miss
984 http fetch GET 200 https://registry.npmjs.org/@esbuild%2ffreebsd-arm64 319ms (cache miss)
985 silly packumentCache full:https://registry.npmjs.org/@esbuild%2ffreebsd-arm64 set size:undefined disposed:false
986 silly fetch manifest @esbuild/linux-mips64el@0.21.5
987 silly packumentCache full:https://registry.npmjs.org/@esbuild%2flinux-mips64el cache-miss
988 http fetch GET 200 https://registry.npmjs.org/@esbuild%2flinux-riscv64 257ms (cache miss)
989 silly packumentCache full:https://registry.npmjs.org/@esbuild%2flinux-riscv64 set size:undefined disposed:false
990 silly fetch manifest @types/estree@1.0.9
991 silly packumentCache full:https://registry.npmjs.org/@types%2festree cache-miss
992 http fetch GET 200 https://registry.npmjs.org/@esbuild%2flinux-loong64 520ms (cache miss)
993 silly packumentCache full:https://registry.npmjs.org/@esbuild%2flinux-loong64 set size:undefined disposed:false
994 silly fetch manifest @rollup/rollup-darwin-arm64@4.61.0
995 silly packumentCache full:https://registry.npmjs.org/@rollup%2frollup-darwin-arm64 cache-miss
996 http fetch GET 200 https://registry.npmjs.org/@esbuild%2flinux-mips64el 334ms (cache miss)
997 silly packumentCache full:https://registry.npmjs.org/@esbuild%2flinux-mips64el set size:undefined disposed:false
998 silly fetch manifest @rollup/rollup-android-arm64@4.61.0
999 silly packumentCache full:https://registry.npmjs.org/@rollup%2frollup-android-arm64 cache-miss
1000 http fetch GET 200 https://registry.npmjs.org/@types%2festree 220ms (cache miss)
1001 silly packumentCache full:https://registry.npmjs.org/@types%2festree set size:undefined disposed:false
1002 silly fetch manifest @rollup/rollup-win32-arm64-msvc@4.61.0
1003 silly packumentCache full:https://registry.npmjs.org/@rollup%2frollup-win32-arm64-msvc cache-miss
1004 http fetch GET 200 https://registry.npmjs.org/@rollup%2frollup-darwin-arm64 200ms (cache miss)
1005 silly packumentCache full:https://registry.npmjs.org/@rollup%2frollup-darwin-arm64 set size:undefined disposed:false
1006 silly fetch manifest @rollup/rollup-freebsd-arm64@4.61.0
1007 silly packumentCache full:https://registry.npmjs.org/@rollup%2frollup-freebsd-arm64 cache-miss
1008 http fetch GET 200 https://registry.npmjs.org/@rollup%2frollup-android-arm64 229ms (cache miss)
1009 silly packumentCache full:https://registry.npmjs.org/@rollup%2frollup-android-arm64 set size:undefined disposed:false
1010 silly fetch manifest @rollup/rollup-linux-arm64-gnu@4.61.0
1011 silly packumentCache full:https://registry.npmjs.org/@rollup%2frollup-linux-arm64-gnu cache-miss
1012 http fetch GET 200 https://registry.npmjs.org/@rollup%2frollup-win32-arm64-msvc 260ms (cache miss)
1013 silly packumentCache full:https://registry.npmjs.org/@rollup%2frollup-win32-arm64-msvc set size:undefined disposed:false
1014 silly fetch manifest @rollup/rollup-linux-arm64-musl@4.61.0
1015 silly packumentCache full:https://registry.npmjs.org/@rollup%2frollup-linux-arm64-musl cache-miss
1016 http fetch GET 200 https://registry.npmjs.org/@rollup%2frollup-freebsd-arm64 239ms (cache miss)
1017 silly packumentCache full:https://registry.npmjs.org/@rollup%2frollup-freebsd-arm64 set size:undefined disposed:false
1018 silly fetch manifest @rollup/rollup-android-arm-eabi@4.61.0
1019 silly packumentCache full:https://registry.npmjs.org/@rollup%2frollup-android-arm-eabi cache-miss
1020 http fetch GET 200 https://registry.npmjs.org/@rollup%2frollup-linux-arm64-gnu 228ms (cache miss)
1021 silly packumentCache full:https://registry.npmjs.org/@rollup%2frollup-linux-arm64-gnu set size:undefined disposed:false
1022 silly fetch manifest @rollup/rollup-linux-arm-gnueabihf@4.61.0
1023 silly packumentCache full:https://registry.npmjs.org/@rollup%2frollup-linux-arm-gnueabihf cache-miss
1024 http fetch GET 200 https://registry.npmjs.org/@rollup%2frollup-linux-arm64-musl 350ms (cache miss)
1025 silly packumentCache full:https://registry.npmjs.org/@rollup%2frollup-linux-arm64-musl set size:undefined disposed:false
1026 silly fetch manifest @rollup/rollup-linux-arm-musleabihf@4.61.0
1027 silly packumentCache full:https://registry.npmjs.org/@rollup%2frollup-linux-arm-musleabihf cache-miss
1028 http fetch GET 200 https://registry.npmjs.org/@rollup%2frollup-android-arm-eabi 339ms (cache miss)
1029 silly packumentCache full:https://registry.npmjs.org/@rollup%2frollup-android-arm-eabi set size:undefined disposed:false
1030 silly fetch manifest @rollup/rollup-win32-ia32-msvc@4.61.0
1031 silly packumentCache full:https://registry.npmjs.org/@rollup%2frollup-win32-ia32-msvc cache-miss
1032 http fetch GET 200 https://registry.npmjs.org/@rollup%2frollup-linux-arm-gnueabihf 369ms (cache miss)
1033 silly packumentCache full:https://registry.npmjs.org/@rollup%2frollup-linux-arm-gnueabihf set size:undefined disposed:false
1034 silly fetch manifest @rollup/rollup-linux-loong64-gnu@4.61.0
1035 silly packumentCache full:https://registry.npmjs.org/@rollup%2frollup-linux-loong64-gnu cache-miss
1036 http fetch GET 200 https://registry.npmjs.org/@rollup%2frollup-linux-loong64-gnu 74ms (cache miss)
1037 silly packumentCache full:https://registry.npmjs.org/@rollup%2frollup-linux-loong64-gnu set size:undefined disposed:false
1038 silly fetch manifest @rollup/rollup-linux-loong64-musl@4.61.0
1039 silly packumentCache full:https://registry.npmjs.org/@rollup%2frollup-linux-loong64-musl cache-miss
1040 http fetch GET 200 https://registry.npmjs.org/@rollup%2frollup-linux-arm-musleabihf 264ms (cache miss)
1041 silly packumentCache full:https://registry.npmjs.org/@rollup%2frollup-linux-arm-musleabihf set size:undefined disposed:false
1042 silly fetch manifest @rollup/rollup-linux-riscv64-gnu@4.61.0
1043 silly packumentCache full:https://registry.npmjs.org/@rollup%2frollup-linux-riscv64-gnu cache-miss
1044 http fetch GET 200 https://registry.npmjs.org/@rollup%2frollup-linux-loong64-musl 86ms (cache miss)
1045 silly packumentCache full:https://registry.npmjs.org/@rollup%2frollup-linux-loong64-musl set size:undefined disposed:false
1046 silly fetch manifest @rollup/rollup-linux-riscv64-musl@4.61.0
1047 silly packumentCache full:https://registry.npmjs.org/@rollup%2frollup-linux-riscv64-musl cache-miss
1048 http fetch GET 200 https://registry.npmjs.org/@rollup%2frollup-linux-riscv64-gnu 90ms (cache miss)
1049 silly packumentCache full:https://registry.npmjs.org/@rollup%2frollup-linux-riscv64-gnu set size:undefined disposed:false
1050 silly fetch manifest @rollup/rollup-linux-ppc64-gnu@4.61.0
1051 silly packumentCache full:https://registry.npmjs.org/@rollup%2frollup-linux-ppc64-gnu cache-miss
1052 http fetch GET 200 https://registry.npmjs.org/@rollup%2frollup-linux-riscv64-musl 116ms (cache miss)
1053 silly packumentCache full:https://registry.npmjs.org/@rollup%2frollup-linux-riscv64-musl set size:undefined disposed:false
1054 silly fetch manifest @rollup/rollup-linux-ppc64-musl@4.61.0
1055 silly packumentCache full:https://registry.npmjs.org/@rollup%2frollup-linux-ppc64-musl cache-miss
1056 http fetch GET 200 https://registry.npmjs.org/@rollup%2frollup-win32-ia32-msvc 390ms (cache miss)
1057 silly packumentCache full:https://registry.npmjs.org/@rollup%2frollup-win32-ia32-msvc set size:undefined disposed:false
1058 silly fetch manifest @rollup/rollup-linux-s390x-gnu@4.61.0
1059 silly packumentCache full:https://registry.npmjs.org/@rollup%2frollup-linux-s390x-gnu cache-miss
1060 http fetch GET 200 https://registry.npmjs.org/@rollup%2frollup-linux-ppc64-gnu 158ms (cache miss)
1061 silly packumentCache full:https://registry.npmjs.org/@rollup%2frollup-linux-ppc64-gnu set size:undefined disposed:false
1062 silly fetch manifest @rollup/rollup-darwin-x64@4.61.0
1063 silly packumentCache full:https://registry.npmjs.org/@rollup%2frollup-darwin-x64 cache-miss
1064 http fetch GET 200 https://registry.npmjs.org/@rollup%2frollup-linux-ppc64-musl 180ms (cache miss)
1065 silly packumentCache full:https://registry.npmjs.org/@rollup%2frollup-linux-ppc64-musl set size:undefined disposed:false
1066 silly fetch manifest @rollup/rollup-win32-x64-gnu@4.61.0
1067 silly packumentCache full:https://registry.npmjs.org/@rollup%2frollup-win32-x64-gnu cache-miss
1068 http fetch GET 200 https://registry.npmjs.org/@rollup%2frollup-linux-s390x-gnu 208ms (cache miss)
1069 silly packumentCache full:https://registry.npmjs.org/@rollup%2frollup-linux-s390x-gnu set size:undefined disposed:false
1070 silly fetch manifest @rollup/rollup-win32-x64-msvc@4.61.0
1071 silly packumentCache full:https://registry.npmjs.org/@rollup%2frollup-win32-x64-msvc cache-miss
1072 http fetch GET 200 https://registry.npmjs.org/@rollup%2frollup-win32-x64-gnu 105ms (cache miss)
1073 silly packumentCache full:https://registry.npmjs.org/@rollup%2frollup-win32-x64-gnu set size:undefined disposed:false
1074 silly fetch manifest @rollup/rollup-freebsd-x64@4.61.0
1075 silly packumentCache full:https://registry.npmjs.org/@rollup%2frollup-freebsd-x64 cache-miss
1076 http fetch GET 200 https://registry.npmjs.org/@rollup%2frollup-win32-x64-msvc 113ms (cache miss)
1077 silly packumentCache full:https://registry.npmjs.org/@rollup%2frollup-win32-x64-msvc set size:undefined disposed:false
1078 silly fetch manifest @rollup/rollup-linux-x64-gnu@4.61.0
1079 silly packumentCache full:https://registry.npmjs.org/@rollup%2frollup-linux-x64-gnu cache-miss
1080 http fetch GET 200 https://registry.npmjs.org/@rollup%2frollup-freebsd-x64 106ms (cache miss)
1081 silly packumentCache full:https://registry.npmjs.org/@rollup%2frollup-freebsd-x64 set size:undefined disposed:false
1082 silly fetch manifest @rollup/rollup-linux-x64-musl@4.61.0
1083 silly packumentCache full:https://registry.npmjs.org/@rollup%2frollup-linux-x64-musl cache-miss
1084 http fetch GET 200 https://registry.npmjs.org/@rollup%2frollup-darwin-x64 413ms (cache miss)
1085 silly packumentCache full:https://registry.npmjs.org/@rollup%2frollup-darwin-x64 set size:undefined disposed:false
1086 silly fetch manifest @rollup/rollup-openbsd-x64@4.61.0
1087 silly packumentCache full:https://registry.npmjs.org/@rollup%2frollup-openbsd-x64 cache-miss
1088 http fetch GET 200 https://registry.npmjs.org/@rollup%2frollup-linux-x64-musl 142ms (cache miss)
1089 silly packumentCache full:https://registry.npmjs.org/@rollup%2frollup-linux-x64-musl set size:undefined disposed:false
1090 silly fetch manifest @rollup/rollup-openharmony-arm64@4.61.0
1091 silly packumentCache full:https://registry.npmjs.org/@rollup%2frollup-openharmony-arm64 cache-miss
1092 http fetch GET 200 https://registry.npmjs.org/@rollup%2frollup-openbsd-x64 77ms (cache miss)
1093 silly packumentCache full:https://registry.npmjs.org/@rollup%2frollup-openbsd-x64 set size:undefined disposed:false
1094 http fetch GET 200 https://registry.npmjs.org/@rollup%2frollup-openharmony-arm64 88ms (cache miss)
1095 silly packumentCache full:https://registry.npmjs.org/@rollup%2frollup-openharmony-arm64 set size:undefined disposed:false
1096 http fetch GET 200 https://registry.npmjs.org/@rollup%2frollup-linux-x64-gnu 377ms (cache miss)
1097 silly packumentCache full:https://registry.npmjs.org/@rollup%2frollup-linux-x64-gnu set size:undefined disposed:false
1098 silly placeDep ROOT @esbuild/aix-ppc64@0.21.5 OK for: esbuild@0.21.5 want: 0.21.5
1099 silly placeDep ROOT @esbuild/android-arm@0.21.5 OK for: esbuild@0.21.5 want: 0.21.5
1100 silly placeDep ROOT @esbuild/android-arm64@0.21.5 OK for: esbuild@0.21.5 want: 0.21.5
1101 silly placeDep ROOT @esbuild/android-x64@0.21.5 OK for: esbuild@0.21.5 want: 0.21.5
1102 silly placeDep ROOT @esbuild/darwin-arm64@0.21.5 OK for: esbuild@0.21.5 want: 0.21.5
1103 silly placeDep ROOT @esbuild/darwin-x64@0.21.5 OK for: esbuild@0.21.5 want: 0.21.5
1104 silly placeDep ROOT @esbuild/freebsd-arm64@0.21.5 OK for: esbuild@0.21.5 want: 0.21.5
1105 silly placeDep ROOT @esbuild/freebsd-x64@0.21.5 OK for: esbuild@0.21.5 want: 0.21.5
1106 silly placeDep ROOT @esbuild/linux-arm@0.21.5 OK for: esbuild@0.21.5 want: 0.21.5
1107 silly placeDep ROOT @esbuild/linux-arm64@0.21.5 OK for: esbuild@0.21.5 want: 0.21.5
1108 silly placeDep ROOT @esbuild/linux-ia32@0.21.5 OK for: esbuild@0.21.5 want: 0.21.5
1109 silly placeDep ROOT @esbuild/linux-loong64@0.21.5 OK for: esbuild@0.21.5 want: 0.21.5
1110 silly placeDep ROOT @esbuild/linux-mips64el@0.21.5 OK for: esbuild@0.21.5 want: 0.21.5
1111 silly placeDep ROOT @esbuild/linux-ppc64@0.21.5 OK for: esbuild@0.21.5 want: 0.21.5
1112 silly placeDep ROOT @esbuild/linux-riscv64@0.21.5 OK for: esbuild@0.21.5 want: 0.21.5
1113 silly placeDep ROOT @esbuild/linux-s390x@0.21.5 OK for: esbuild@0.21.5 want: 0.21.5
1114 silly placeDep ROOT @esbuild/linux-x64@0.21.5 OK for: esbuild@0.21.5 want: 0.21.5
1115 silly placeDep ROOT @esbuild/netbsd-x64@0.21.5 OK for: esbuild@0.21.5 want: 0.21.5
1116 silly placeDep ROOT @esbuild/openbsd-x64@0.21.5 OK for: esbuild@0.21.5 want: 0.21.5
1117 silly placeDep ROOT @esbuild/sunos-x64@0.21.5 OK for: esbuild@0.21.5 want: 0.21.5
1118 silly placeDep ROOT @esbuild/win32-arm64@0.21.5 OK for: esbuild@0.21.5 want: 0.21.5
1119 silly placeDep ROOT @esbuild/win32-ia32@0.21.5 OK for: esbuild@0.21.5 want: 0.21.5
1120 silly placeDep ROOT @esbuild/win32-x64@0.21.5 OK for: esbuild@0.21.5 want: 0.21.5
1121 silly placeDep ROOT @rollup/rollup-android-arm-eabi@4.61.0 OK for: rollup@4.61.0 want: 4.61.0
1122 silly placeDep ROOT @rollup/rollup-android-arm64@4.61.0 OK for: rollup@4.61.0 want: 4.61.0
1123 silly placeDep ROOT @rollup/rollup-darwin-arm64@4.61.0 OK for: rollup@4.61.0 want: 4.61.0
1124 silly placeDep ROOT @rollup/rollup-darwin-x64@4.61.0 OK for: rollup@4.61.0 want: 4.61.0
1125 silly placeDep ROOT @rollup/rollup-freebsd-arm64@4.61.0 OK for: rollup@4.61.0 want: 4.61.0
1126 silly placeDep ROOT @rollup/rollup-freebsd-x64@4.61.0 OK for: rollup@4.61.0 want: 4.61.0
1127 silly placeDep ROOT @rollup/rollup-linux-arm-gnueabihf@4.61.0 OK for: rollup@4.61.0 want: 4.61.0
1128 silly placeDep ROOT @rollup/rollup-linux-arm-musleabihf@4.61.0 OK for: rollup@4.61.0 want: 4.61.0
1129 silly placeDep ROOT @rollup/rollup-linux-arm64-gnu@4.61.0 OK for: rollup@4.61.0 want: 4.61.0
1130 silly placeDep ROOT @rollup/rollup-linux-arm64-musl@4.61.0 OK for: rollup@4.61.0 want: 4.61.0
1131 silly placeDep ROOT @rollup/rollup-linux-loong64-gnu@4.61.0 OK for: rollup@4.61.0 want: 4.61.0
1132 silly placeDep ROOT @rollup/rollup-linux-loong64-musl@4.61.0 OK for: rollup@4.61.0 want: 4.61.0
1133 silly placeDep ROOT @rollup/rollup-linux-ppc64-gnu@4.61.0 OK for: rollup@4.61.0 want: 4.61.0
1134 silly placeDep ROOT @rollup/rollup-linux-ppc64-musl@4.61.0 OK for: rollup@4.61.0 want: 4.61.0
1135 silly placeDep ROOT @rollup/rollup-linux-riscv64-gnu@4.61.0 OK for: rollup@4.61.0 want: 4.61.0
1136 silly placeDep ROOT @rollup/rollup-linux-riscv64-musl@4.61.0 OK for: rollup@4.61.0 want: 4.61.0
1137 silly placeDep ROOT @rollup/rollup-linux-s390x-gnu@4.61.0 OK for: rollup@4.61.0 want: 4.61.0
1138 silly placeDep ROOT @rollup/rollup-linux-x64-gnu@4.61.0 OK for: rollup@4.61.0 want: 4.61.0
1139 silly placeDep ROOT @rollup/rollup-linux-x64-musl@4.61.0 OK for: rollup@4.61.0 want: 4.61.0
1140 silly placeDep ROOT @rollup/rollup-openbsd-x64@4.61.0 OK for: rollup@4.61.0 want: 4.61.0
1141 silly placeDep ROOT @rollup/rollup-openharmony-arm64@4.61.0 OK for: rollup@4.61.0 want: 4.61.0
1142 silly placeDep ROOT @rollup/rollup-win32-arm64-msvc@4.61.0 OK for: rollup@4.61.0 want: 4.61.0
1143 silly placeDep ROOT @rollup/rollup-win32-ia32-msvc@4.61.0 OK for: rollup@4.61.0 want: 4.61.0
1144 silly placeDep ROOT @rollup/rollup-win32-x64-gnu@4.61.0 OK for: rollup@4.61.0 want: 4.61.0
1145 silly placeDep ROOT @rollup/rollup-win32-x64-msvc@4.61.0 OK for: rollup@4.61.0 want: 4.61.0
1146 silly placeDep ROOT @types/estree@1.0.9 OK for: rollup@4.61.0 want: 1.0.9
1147 silly reify moves {}
1148 http cache @types/estree@https://registry.npmjs.org/@types/estree/-/estree-1.0.9.tgz 0ms (cache hit)
1149 http cache @rollup/rollup-win32-x64-msvc@https://registry.npmjs.org/@rollup/rollup-win32-x64-msvc/-/rollup-win32-x64-msvc-4.61.0.tgz 0ms (cache hit)
1150 http cache @rollup/rollup-win32-x64-gnu@https://registry.npmjs.org/@rollup/rollup-win32-x64-gnu/-/rollup-win32-x64-gnu-4.61.0.tgz 0ms (cache hit)
1151 http cache @esbuild/win32-x64@https://registry.npmjs.org/@esbuild/win32-x64/-/win32-x64-0.21.5.tgz 0ms (cache hit)
1152 http cache rollup@https://registry.npmjs.org/rollup/-/rollup-4.61.0.tgz 0ms (cache hit)
1153 http cache esbuild@https://registry.npmjs.org/esbuild/-/esbuild-0.21.5.tgz 0ms (cache hit)
1154 http cache is-number@https://registry.npmjs.org/is-number/-/is-number-7.0.0.tgz 0ms (cache hit)
1155 http cache escalade@https://registry.npmjs.org/escalade/-/escalade-3.2.0.tgz 1ms (cache hit)
1156 http cache thenify@https://registry.npmjs.org/thenify/-/thenify-3.3.1.tgz 0ms (cache hit)
1157 http cache thenify-all@https://registry.npmjs.org/thenify-all/-/thenify-all-1.6.0.tgz 0ms (cache hit)
1158 http cache any-promise@https://registry.npmjs.org/any-promise/-/any-promise-1.3.0.tgz 0ms (cache hit)
1159 http cache object-assign@https://registry.npmjs.org/object-assign/-/object-assign-4.1.1.tgz 0ms (cache hit)
1160 http cache ts-interface-checker@https://registry.npmjs.org/ts-interface-checker/-/ts-interface-checker-0.1.13.tgz 0ms (cache hit)
1161 http cache tinyglobby@https://registry.npmjs.org/tinyglobby/-/tinyglobby-0.2.17.tgz 0ms (cache hit)
1162 http cache pirates@https://registry.npmjs.org/pirates/-/pirates-4.0.7.tgz 0ms (cache hit)
1163 http cache lines-and-columns@https://registry.npmjs.org/lines-and-columns/-/lines-and-columns-1.2.4.tgz 0ms (cache hit)
1164 http cache commander@https://registry.npmjs.org/commander/-/commander-4.1.1.tgz 0ms (cache hit)
1165 http cache mz@https://registry.npmjs.org/mz/-/mz-2.7.0.tgz 0ms (cache hit)
1166 http cache queue-microtask@https://registry.npmjs.org/queue-microtask/-/queue-microtask-1.2.3.tgz 0ms (cache hit)
1167 http cache path-parse@https://registry.npmjs.org/path-parse/-/path-parse-1.0.7.tgz 0ms (cache hit)
1168 http cache pify@https://registry.npmjs.org/pify/-/pify-2.3.0.tgz 1ms (cache hit)
1169 http cache util-deprecate@https://registry.npmjs.org/util-deprecate/-/util-deprecate-1.0.2.tgz 0ms (cache hit)
1170 http cache cssesc@https://registry.npmjs.org/cssesc/-/cssesc-3.0.0.tgz 0ms (cache hit)
1171 http cache supports-preserve-symlinks-flag@https://registry.npmjs.org/supports-preserve-symlinks-flag/-/supports-preserve-symlinks-flag-1.0.0.tgz 0ms (cache hit)
1172 http cache read-cache@https://registry.npmjs.org/read-cache/-/read-cache-1.0.0.tgz 0ms (cache hit)
1173 http cache camelcase-css@https://registry.npmjs.org/camelcase-css/-/camelcase-css-2.0.1.tgz 0ms (cache hit)
1174 http cache binary-extensions@https://registry.npmjs.org/binary-extensions/-/binary-extensions-2.3.0.tgz 0ms (cache hit)
1175 http cache is-extglob@https://registry.npmjs.org/is-extglob/-/is-extglob-2.1.1.tgz 0ms (cache hit)
1176 http cache @nodelib/fs.scandir@https://registry.npmjs.org/@nodelib/fs.scandir/-/fs.scandir-2.1.5.tgz 0ms (cache hit)
1177 http cache to-regex-range@https://registry.npmjs.org/to-regex-range/-/to-regex-range-5.0.1.tgz 0ms (cache hit)
1178 http cache reusify@https://registry.npmjs.org/reusify/-/reusify-1.1.0.tgz 0ms (cache hit)
1179 http cache fastq@https://registry.npmjs.org/fastq/-/fastq-1.20.1.tgz 0ms (cache hit)
1180 http cache run-parallel@https://registry.npmjs.org/run-parallel/-/run-parallel-1.2.0.tgz 0ms (cache hit)
1181 http cache @nodelib/fs.walk@https://registry.npmjs.org/@nodelib/fs.walk/-/fs.walk-1.2.8.tgz 1ms (cache hit)
1182 http cache merge2@https://registry.npmjs.org/merge2/-/merge2-1.4.1.tgz 0ms (cache hit)
1183 http cache picomatch@https://registry.npmjs.org/picomatch/-/picomatch-2.3.2.tgz 0ms (cache hit)
1184 http cache @nodelib/fs.stat@https://registry.npmjs.org/@nodelib/fs.stat/-/fs.stat-2.0.5.tgz 0ms (cache hit)
1185 http cache fill-range@https://registry.npmjs.org/fill-range/-/fill-range-7.1.1.tgz 0ms (cache hit)
1186 http cache readdirp@https://registry.npmjs.org/readdirp/-/readdirp-3.6.0.tgz 0ms (cache hit)
1187 http cache braces@https://registry.npmjs.org/braces/-/braces-3.0.3.tgz 0ms (cache hit)
1188 http cache anymatch@https://registry.npmjs.org/anymatch/-/anymatch-3.1.3.tgz 0ms (cache hit)
1189 http cache is-binary-path@https://registry.npmjs.org/is-binary-path/-/is-binary-path-2.1.0.tgz 0ms (cache hit)
1190 http cache sucrase@https://registry.npmjs.org/sucrase/-/sucrase-3.35.1.tgz 0ms (cache hit)
1191 http cache resolve@https://registry.npmjs.org/resolve/-/resolve-1.22.12.tgz 0ms (cache hit)
1192 http cache postcss-nested@https://registry.npmjs.org/postcss-nested/-/postcss-nested-6.2.0.tgz 0ms (cache hit)
1193 http cache postcss-selector-parser@https://registry.npmjs.org/postcss-selector-parser/-/postcss-selector-parser-6.1.2.tgz 0ms (cache hit)
1194 http cache postcss-load-config@https://registry.npmjs.org/postcss-load-config/-/postcss-load-config-6.0.1.tgz 1ms (cache hit)
1195 http cache postcss-js@https://registry.npmjs.org/postcss-js/-/postcss-js-4.1.0.tgz 0ms (cache hit)
1196 http cache postcss-import@https://registry.npmjs.org/postcss-import/-/postcss-import-15.1.0.tgz 0ms (cache hit)
1197 http cache object-hash@https://registry.npmjs.org/object-hash/-/object-hash-3.0.0.tgz 0ms (cache hit)
1198 http cache normalize-path@https://registry.npmjs.org/normalize-path/-/normalize-path-3.0.0.tgz 0ms (cache hit)
1199 http cache lilconfig@https://registry.npmjs.org/lilconfig/-/lilconfig-3.1.3.tgz 0ms (cache hit)
1200 http cache micromatch@https://registry.npmjs.org/micromatch/-/micromatch-4.0.8.tgz 1ms (cache hit)
1201 http cache jiti@https://registry.npmjs.org/jiti/-/jiti-1.21.7.tgz 0ms (cache hit)
1202 http cache glob-parent@https://registry.npmjs.org/glob-parent/-/glob-parent-6.0.2.tgz 0ms (cache hit)
1203 http cache fast-glob@https://registry.npmjs.org/fast-glob/-/fast-glob-3.3.3.tgz 0ms (cache hit)
1204 http cache is-glob@https://registry.npmjs.org/is-glob/-/is-glob-4.0.3.tgz 0ms (cache hit)
1205 http cache dlv@https://registry.npmjs.org/dlv/-/dlv-1.1.3.tgz 0ms (cache hit)
1206 http cache @alloc/quick-lru@https://registry.npmjs.org/@alloc/quick-lru/-/quick-lru-5.2.0.tgz 0ms (cache hit)
1207 http cache chokidar@https://registry.npmjs.org/chokidar/-/chokidar-3.6.0.tgz 0ms (cache hit)
1208 http cache didyoumean@https://registry.npmjs.org/didyoumean/-/didyoumean-1.2.2.tgz 0ms (cache hit)
1209 http cache arg@https://registry.npmjs.org/arg/-/arg-5.0.2.tgz 0ms (cache hit)
1210 http cache @remix-run/router@https://registry.npmjs.org/@remix-run/router/-/router-1.23.3.tgz 0ms (cache hit)
1211 http cache react-router@https://registry.npmjs.org/react-router/-/react-router-6.30.4.tgz 0ms (cache hit)
1212 http cache loose-envify@https://registry.npmjs.org/loose-envify/-/loose-envify-1.4.0.tgz 0ms (cache hit)
1213 http cache source-map-js@https://registry.npmjs.org/source-map-js/-/source-map-js-1.2.1.tgz 0ms (cache hit)
1214 http cache nanoid@https://registry.npmjs.org/nanoid/-/nanoid-3.3.12.tgz 0ms (cache hit)
1215 http cache mime-db@https://registry.npmjs.org/mime-db/-/mime-db-1.52.0.tgz 0ms (cache hit)
1216 http cache yallist@https://registry.npmjs.org/yallist/-/yallist-3.1.1.tgz 1ms (cache hit)
1217 http cache agent-base@https://registry.npmjs.org/agent-base/-/agent-base-6.0.2.tgz 0ms (cache hit)
1218 http cache dunder-proto@https://registry.npmjs.org/dunder-proto/-/dunder-proto-1.0.1.tgz 0ms (cache hit)
1219 http cache math-intrinsics@https://registry.npmjs.org/math-intrinsics/-/math-intrinsics-1.1.0.tgz 0ms (cache hit)
1220 http cache has-symbols@https://registry.npmjs.org/has-symbols/-/has-symbols-1.1.0.tgz 0ms (cache hit)
1221 http cache gopd@https://registry.npmjs.org/gopd/-/gopd-1.2.0.tgz 0ms (cache hit)
1222 http cache get-proto@https://registry.npmjs.org/get-proto/-/get-proto-1.0.1.tgz 0ms (cache hit)
1223 http cache function-bind@https://registry.npmjs.org/function-bind/-/function-bind-1.1.2.tgz 0ms (cache hit)
1224 http cache es-object-atoms@https://registry.npmjs.org/es-object-atoms/-/es-object-atoms-1.1.2.tgz 0ms (cache hit)
1225 http cache es-define-property@https://registry.npmjs.org/es-define-property/-/es-define-property-1.0.1.tgz 0ms (cache hit)
1226 http cache call-bind-apply-helpers@https://registry.npmjs.org/call-bind-apply-helpers/-/call-bind-apply-helpers-1.0.2.tgz 0ms (cache hit)
1227 http cache has-tostringtag@https://registry.npmjs.org/has-tostringtag/-/has-tostringtag-1.0.2.tgz 0ms (cache hit)
1228 http cache get-intrinsic@https://registry.npmjs.org/get-intrinsic/-/get-intrinsic-1.3.0.tgz 0ms (cache hit)
1229 http cache es-errors@https://registry.npmjs.org/es-errors/-/es-errors-1.3.0.tgz 0ms (cache hit)
1230 http cache delayed-stream@https://registry.npmjs.org/delayed-stream/-/delayed-stream-1.0.0.tgz 0ms (cache hit)
1231 http cache mime-types@https://registry.npmjs.org/mime-types/-/mime-types-2.1.35.tgz 1ms (cache hit)
1232 http cache es-set-tostringtag@https://registry.npmjs.org/es-set-tostringtag/-/es-set-tostringtag-2.1.0.tgz 1ms (cache hit)
1233 http cache combined-stream@https://registry.npmjs.org/combined-stream/-/combined-stream-1.0.8.tgz 0ms (cache hit)
1234 http cache ms@https://registry.npmjs.org/ms/-/ms-2.1.3.tgz 0ms (cache hit)
1235 http cache asynckit@https://registry.npmjs.org/asynckit/-/asynckit-0.4.0.tgz 0ms (cache hit)
1236 http cache update-browserslist-db@https://registry.npmjs.org/update-browserslist-db/-/update-browserslist-db-1.2.3.tgz 0ms (cache hit)
1237 http cache node-releases@https://registry.npmjs.org/node-releases/-/node-releases-2.0.46.tgz 0ms (cache hit)
1238 http cache baseline-browser-mapping@https://registry.npmjs.org/baseline-browser-mapping/-/baseline-browser-mapping-2.10.33.tgz 0ms (cache hit)
1239 http cache electron-to-chromium@https://registry.npmjs.org/electron-to-chromium/-/electron-to-chromium-1.5.364.tgz 0ms (cache hit)
1240 http cache proxy-from-env@https://registry.npmjs.org/proxy-from-env/-/proxy-from-env-2.1.0.tgz 0ms (cache hit)
1241 http cache https-proxy-agent@https://registry.npmjs.org/https-proxy-agent/-/https-proxy-agent-5.0.1.tgz 0ms (cache hit)
1242 http cache form-data@https://registry.npmjs.org/form-data/-/form-data-4.0.5.tgz 0ms (cache hit)
1243 http cache follow-redirects@https://registry.npmjs.org/follow-redirects/-/follow-redirects-1.16.0.tgz 0ms (cache hit)
1244 http cache postcss-value-parser@https://registry.npmjs.org/postcss-value-parser/-/postcss-value-parser-4.2.0.tgz 0ms (cache hit)
1245 http cache is-core-module@https://registry.npmjs.org/is-core-module/-/is-core-module-2.16.2.tgz 1ms (cache hit)
1246 http cache @types/babel__traverse@https://registry.npmjs.org/@types/babel__traverse/-/babel__traverse-7.28.0.tgz 0ms (cache hit)
1247 http cache fraction.js@https://registry.npmjs.org/fraction.js/-/fraction.js-5.3.4.tgz 0ms (cache hit)
1248 http cache caniuse-lite@https://registry.npmjs.org/caniuse-lite/-/caniuse-lite-1.0.30001793.tgz 0ms (cache hit)
1249 http cache @types/babel__template@https://registry.npmjs.org/@types/babel__template/-/babel__template-7.4.4.tgz 0ms (cache hit)
1250 http cache @types/babel__generator@https://registry.npmjs.org/@types/babel__generator/-/babel__generator-7.27.0.tgz 0ms (cache hit)
1251 http cache @jridgewell/sourcemap-codec@https://registry.npmjs.org/@jridgewell/sourcemap-codec/-/sourcemap-codec-1.5.5.tgz 0ms (cache hit)
1252 http cache @jridgewell/resolve-uri@https://registry.npmjs.org/@jridgewell/resolve-uri/-/resolve-uri-3.1.2.tgz 0ms (cache hit)
1253 http cache @babel/helper-string-parser@https://registry.npmjs.org/@babel/helper-string-parser/-/helper-string-parser-7.29.7.tgz 0ms (cache hit)
1254 http cache @babel/helper-globals@https://registry.npmjs.org/@babel/helper-globals/-/helper-globals-7.29.7.tgz 0ms (cache hit)
1255 http cache lru-cache@https://registry.npmjs.org/lru-cache/-/lru-cache-5.1.1.tgz 0ms (cache hit)
1256 http cache @babel/helper-plugin-utils@https://registry.npmjs.org/@babel/helper-plugin-utils/-/helper-plugin-utils-7.29.7.tgz 0ms (cache hit)
1257 http cache @babel/helper-module-imports@https://registry.npmjs.org/@babel/helper-module-imports/-/helper-module-imports-7.29.7.tgz 0ms (cache hit)
1258 http cache browserslist@https://registry.npmjs.org/browserslist/-/browserslist-4.28.2.tgz 0ms (cache hit)
1259 http cache @babel/helper-validator-option@https://registry.npmjs.org/@babel/helper-validator-option/-/helper-validator-option-7.29.7.tgz 0ms (cache hit)
1260 http cache @babel/compat-data@https://registry.npmjs.org/@babel/compat-data/-/compat-data-7.29.7.tgz 0ms (cache hit)
1261 http cache jsesc@https://registry.npmjs.org/jsesc/-/jsesc-3.1.0.tgz 0ms (cache hit)
1262 http cache @jridgewell/trace-mapping@https://registry.npmjs.org/@jridgewell/trace-mapping/-/trace-mapping-0.3.31.tgz 1ms (cache hit)
1263 http cache @jridgewell/gen-mapping@https://registry.npmjs.org/@jridgewell/gen-mapping/-/gen-mapping-0.3.13.tgz 0ms (cache hit)
1264 http cache @babel/helper-validator-identifier@https://registry.npmjs.org/@babel/helper-validator-identifier/-/helper-validator-identifier-7.29.7.tgz 0ms (cache hit)
1265 http cache js-tokens@https://registry.npmjs.org/js-tokens/-/js-tokens-4.0.0.tgz 0ms (cache hit)
1266 http cache picocolors@https://registry.npmjs.org/picocolors/-/picocolors-1.1.1.tgz 0ms (cache hit)
1267 http cache semver@https://registry.npmjs.org/semver/-/semver-6.3.1.tgz 0ms (cache hit)
1268 http cache json5@https://registry.npmjs.org/json5/-/json5-2.2.3.tgz 0ms (cache hit)
1269 http cache gensync@https://registry.npmjs.org/gensync/-/gensync-1.0.0-beta.2.tgz 0ms (cache hit)
1270 http cache convert-source-map@https://registry.npmjs.org/convert-source-map/-/convert-source-map-2.0.0.tgz 0ms (cache hit)
1271 http cache @jridgewell/remapping@https://registry.npmjs.org/@jridgewell/remapping/-/remapping-2.3.5.tgz 0ms (cache hit)
1272 http cache debug@https://registry.npmjs.org/debug/-/debug-4.4.3.tgz 1ms (cache hit)
1273 http cache @babel/types@https://registry.npmjs.org/@babel/types/-/types-7.29.7.tgz 0ms (cache hit)
1274 http cache @babel/traverse@https://registry.npmjs.org/@babel/traverse/-/traverse-7.29.7.tgz 0ms (cache hit)
1275 http cache @babel/template@https://registry.npmjs.org/@babel/template/-/template-7.29.7.tgz 0ms (cache hit)
1276 http cache @babel/parser@https://registry.npmjs.org/@babel/parser/-/parser-7.29.7.tgz 0ms (cache hit)
1277 http cache @babel/helpers@https://registry.npmjs.org/@babel/helpers/-/helpers-7.29.7.tgz 0ms (cache hit)
1278 http cache @babel/helper-module-transforms@https://registry.npmjs.org/@babel/helper-module-transforms/-/helper-module-transforms-7.29.7.tgz 0ms (cache hit)
1279 http cache @babel/helper-compilation-targets@https://registry.npmjs.org/@babel/helper-compilation-targets/-/helper-compilation-targets-7.29.7.tgz 0ms (cache hit)
1280 http cache @babel/generator@https://registry.npmjs.org/@babel/generator/-/generator-7.29.7.tgz 0ms (cache hit)
1281 http cache @babel/code-frame@https://registry.npmjs.org/@babel/code-frame/-/code-frame-7.29.7.tgz 0ms (cache hit)
1282 http cache @rolldown/pluginutils@https://registry.npmjs.org/@rolldown/pluginutils/-/pluginutils-1.0.0-beta.27.tgz 0ms (cache hit)
1283 http cache @types/babel__core@https://registry.npmjs.org/@types/babel__core/-/babel__core-7.20.5.tgz 0ms (cache hit)
1284 http cache react-refresh@https://registry.npmjs.org/react-refresh/-/react-refresh-0.17.0.tgz 0ms (cache hit)
1285 http cache tailwindcss@https://registry.npmjs.org/tailwindcss/-/tailwindcss-3.4.19.tgz 0ms (cache hit)
1286 http cache @babel/plugin-transform-react-jsx-source@https://registry.npmjs.org/@babel/plugin-transform-react-jsx-source/-/plugin-transform-react-jsx-source-7.29.7.tgz 0ms (cache hit)
1287 http cache @babel/plugin-transform-react-jsx-self@https://registry.npmjs.org/@babel/plugin-transform-react-jsx-self/-/plugin-transform-react-jsx-self-7.29.7.tgz 0ms (cache hit)
1288 http cache @babel/core@https://registry.npmjs.org/@babel/core/-/core-7.29.7.tgz 0ms (cache hit)
1289 http cache react-router-dom@https://registry.npmjs.org/react-router-dom/-/react-router-dom-6.30.4.tgz 0ms (cache hit)
1290 http cache react-dom@https://registry.npmjs.org/react-dom/-/react-dom-18.3.1.tgz 0ms (cache hit)
1291 http cache react@https://registry.npmjs.org/react/-/react-18.3.1.tgz 0ms (cache hit)
1292 http cache html-to-image@https://registry.npmjs.org/html-to-image/-/html-to-image-1.11.13.tgz 0ms (cache hit)
1293 http cache axios@https://registry.npmjs.org/axios/-/axios-1.16.1.tgz 0ms (cache hit)
1294 http cache postcss@https://registry.npmjs.org/postcss/-/postcss-8.5.15.tgz 0ms (cache hit)
1295 http cache picomatch@https://registry.npmjs.org/picomatch/-/picomatch-4.0.4.tgz 0ms (cache hit)
1296 http cache fdir@https://registry.npmjs.org/fdir/-/fdir-6.5.0.tgz 0ms (cache hit)
1297 http cache @vitejs/plugin-react@https://registry.npmjs.org/@vitejs/plugin-react/-/plugin-react-4.7.0.tgz 0ms (cache hit)
1298 http cache autoprefixer@https://registry.npmjs.org/autoprefixer/-/autoprefixer-10.5.0.tgz 0ms (cache hit)
1299 http cache scheduler@https://registry.npmjs.org/scheduler/-/scheduler-0.23.2.tgz 0ms (cache hit)
1300 http cache hasown@https://registry.npmjs.org/hasown/-/hasown-2.0.4.tgz 0ms (cache hit)
1301 silly tarball no local data for @types/estree@https://registry.npmjs.org/@types/estree/-/estree-1.0.9.tgz. Extracting by manifest.
1302 silly tarball no local data for @rollup/rollup-win32-x64-msvc@https://registry.npmjs.org/@rollup/rollup-win32-x64-msvc/-/rollup-win32-x64-msvc-4.61.0.tgz. Extracting by manifest.
1303 http cache glob-parent@https://registry.npmjs.org/glob-parent/-/glob-parent-5.1.2.tgz 0ms (cache hit)
1304 silly tarball no local data for @rollup/rollup-win32-x64-gnu@https://registry.npmjs.org/@rollup/rollup-win32-x64-gnu/-/rollup-win32-x64-gnu-4.61.0.tgz. Extracting by manifest.
1305 silly tarball no local data for @esbuild/win32-x64@https://registry.npmjs.org/@esbuild/win32-x64/-/win32-x64-0.21.5.tgz. Extracting by manifest.
1306 http cache glob-parent@https://registry.npmjs.org/glob-parent/-/glob-parent-5.1.2.tgz 6ms (cache hit)
1307 silly tarball no local data for rollup@https://registry.npmjs.org/rollup/-/rollup-4.61.0.tgz. Extracting by manifest.
1308 silly tarball no local data for esbuild@https://registry.npmjs.org/esbuild/-/esbuild-0.21.5.tgz. Extracting by manifest.
1309 silly tarball no local data for is-number@https://registry.npmjs.org/is-number/-/is-number-7.0.0.tgz. Extracting by manifest.
1310 silly tarball no local data for escalade@https://registry.npmjs.org/escalade/-/escalade-3.2.0.tgz. Extracting by manifest.
1311 silly tarball no local data for thenify@https://registry.npmjs.org/thenify/-/thenify-3.3.1.tgz. Extracting by manifest.
1312 silly tarball no local data for thenify-all@https://registry.npmjs.org/thenify-all/-/thenify-all-1.6.0.tgz. Extracting by manifest.
1313 silly tarball no local data for any-promise@https://registry.npmjs.org/any-promise/-/any-promise-1.3.0.tgz. Extracting by manifest.
1314 silly tarball no local data for object-assign@https://registry.npmjs.org/object-assign/-/object-assign-4.1.1.tgz. Extracting by manifest.
1315 silly tarball no local data for ts-interface-checker@https://registry.npmjs.org/ts-interface-checker/-/ts-interface-checker-0.1.13.tgz. Extracting by manifest.
1316 silly tarball no local data for tinyglobby@https://registry.npmjs.org/tinyglobby/-/tinyglobby-0.2.17.tgz. Extracting by manifest.
1317 silly tarball no local data for pirates@https://registry.npmjs.org/pirates/-/pirates-4.0.7.tgz. Extracting by manifest.
1318 silly tarball no local data for lines-and-columns@https://registry.npmjs.org/lines-and-columns/-/lines-and-columns-1.2.4.tgz. Extracting by manifest.
1319 silly tarball no local data for commander@https://registry.npmjs.org/commander/-/commander-4.1.1.tgz. Extracting by manifest.
1320 silly tarball no local data for mz@https://registry.npmjs.org/mz/-/mz-2.7.0.tgz. Extracting by manifest.
1321 silly tarball no local data for queue-microtask@https://registry.npmjs.org/queue-microtask/-/queue-microtask-1.2.3.tgz. Extracting by manifest.
1322 silly tarball no local data for path-parse@https://registry.npmjs.org/path-parse/-/path-parse-1.0.7.tgz. Extracting by manifest.
1323 silly tarball no local data for pify@https://registry.npmjs.org/pify/-/pify-2.3.0.tgz. Extracting by manifest.
1324 http cache vite@https://registry.npmjs.org/vite/-/vite-5.4.21.tgz 0ms (cache hit)
1325 silly tarball no local data for util-deprecate@https://registry.npmjs.org/util-deprecate/-/util-deprecate-1.0.2.tgz. Extracting by manifest.
1326 silly tarball no local data for cssesc@https://registry.npmjs.org/cssesc/-/cssesc-3.0.0.tgz. Extracting by manifest.
1327 silly tarball no local data for supports-preserve-symlinks-flag@https://registry.npmjs.org/supports-preserve-symlinks-flag/-/supports-preserve-symlinks-flag-1.0.0.tgz. Extracting by manifest.
1328 silly tarball no local data for read-cache@https://registry.npmjs.org/read-cache/-/read-cache-1.0.0.tgz. Extracting by manifest.
1329 silly tarball no local data for camelcase-css@https://registry.npmjs.org/camelcase-css/-/camelcase-css-2.0.1.tgz. Extracting by manifest.
1330 silly tarball no local data for binary-extensions@https://registry.npmjs.org/binary-extensions/-/binary-extensions-2.3.0.tgz. Extracting by manifest.
1331 silly tarball no local data for is-extglob@https://registry.npmjs.org/is-extglob/-/is-extglob-2.1.1.tgz. Extracting by manifest.
1332 silly tarball no local data for @nodelib/fs.scandir@https://registry.npmjs.org/@nodelib/fs.scandir/-/fs.scandir-2.1.5.tgz. Extracting by manifest.
1333 silly tarball no local data for to-regex-range@https://registry.npmjs.org/to-regex-range/-/to-regex-range-5.0.1.tgz. Extracting by manifest.
1334 silly tarball no local data for reusify@https://registry.npmjs.org/reusify/-/reusify-1.1.0.tgz. Extracting by manifest.
1335 silly tarball no local data for fastq@https://registry.npmjs.org/fastq/-/fastq-1.20.1.tgz. Extracting by manifest.
1336 silly tarball no local data for run-parallel@https://registry.npmjs.org/run-parallel/-/run-parallel-1.2.0.tgz. Extracting by manifest.
1337 silly tarball no local data for @nodelib/fs.walk@https://registry.npmjs.org/@nodelib/fs.walk/-/fs.walk-1.2.8.tgz. Extracting by manifest.
1338 silly tarball no local data for merge2@https://registry.npmjs.org/merge2/-/merge2-1.4.1.tgz. Extracting by manifest.
1339 silly tarball no local data for picomatch@https://registry.npmjs.org/picomatch/-/picomatch-2.3.2.tgz. Extracting by manifest.
1340 silly tarball no local data for @nodelib/fs.stat@https://registry.npmjs.org/@nodelib/fs.stat/-/fs.stat-2.0.5.tgz. Extracting by manifest.
1341 silly tarball no local data for fill-range@https://registry.npmjs.org/fill-range/-/fill-range-7.1.1.tgz. Extracting by manifest.
1342 silly tarball no local data for readdirp@https://registry.npmjs.org/readdirp/-/readdirp-3.6.0.tgz. Extracting by manifest.
1343 silly tarball no local data for braces@https://registry.npmjs.org/braces/-/braces-3.0.3.tgz. Extracting by manifest.
1344 silly tarball no local data for anymatch@https://registry.npmjs.org/anymatch/-/anymatch-3.1.3.tgz. Extracting by manifest.
1345 silly tarball no local data for is-binary-path@https://registry.npmjs.org/is-binary-path/-/is-binary-path-2.1.0.tgz. Extracting by manifest.
1346 silly tarball no local data for sucrase@https://registry.npmjs.org/sucrase/-/sucrase-3.35.1.tgz. Extracting by manifest.
1347 silly tarball no local data for resolve@https://registry.npmjs.org/resolve/-/resolve-1.22.12.tgz. Extracting by manifest.
1348 silly tarball no local data for postcss-nested@https://registry.npmjs.org/postcss-nested/-/postcss-nested-6.2.0.tgz. Extracting by manifest.
1349 silly tarball no local data for postcss-selector-parser@https://registry.npmjs.org/postcss-selector-parser/-/postcss-selector-parser-6.1.2.tgz. Extracting by manifest.
1350 silly tarball no local data for postcss-load-config@https://registry.npmjs.org/postcss-load-config/-/postcss-load-config-6.0.1.tgz. Extracting by manifest.
1351 silly tarball no local data for postcss-js@https://registry.npmjs.org/postcss-js/-/postcss-js-4.1.0.tgz. Extracting by manifest.
1352 silly tarball no local data for postcss-import@https://registry.npmjs.org/postcss-import/-/postcss-import-15.1.0.tgz. Extracting by manifest.
1353 silly tarball no local data for object-hash@https://registry.npmjs.org/object-hash/-/object-hash-3.0.0.tgz. Extracting by manifest.
1354 silly tarball no local data for normalize-path@https://registry.npmjs.org/normalize-path/-/normalize-path-3.0.0.tgz. Extracting by manifest.
1355 silly tarball no local data for lilconfig@https://registry.npmjs.org/lilconfig/-/lilconfig-3.1.3.tgz. Extracting by manifest.
1356 silly tarball no local data for micromatch@https://registry.npmjs.org/micromatch/-/micromatch-4.0.8.tgz. Extracting by manifest.
1357 silly tarball no local data for jiti@https://registry.npmjs.org/jiti/-/jiti-1.21.7.tgz. Extracting by manifest.
1358 silly tarball no local data for glob-parent@https://registry.npmjs.org/glob-parent/-/glob-parent-6.0.2.tgz. Extracting by manifest.
1359 silly tarball no local data for fast-glob@https://registry.npmjs.org/fast-glob/-/fast-glob-3.3.3.tgz. Extracting by manifest.
1360 silly tarball no local data for is-glob@https://registry.npmjs.org/is-glob/-/is-glob-4.0.3.tgz. Extracting by manifest.
1361 silly tarball no local data for dlv@https://registry.npmjs.org/dlv/-/dlv-1.1.3.tgz. Extracting by manifest.
1362 silly tarball no local data for @alloc/quick-lru@https://registry.npmjs.org/@alloc/quick-lru/-/quick-lru-5.2.0.tgz. Extracting by manifest.
1363 silly tarball no local data for chokidar@https://registry.npmjs.org/chokidar/-/chokidar-3.6.0.tgz. Extracting by manifest.
1364 silly tarball no local data for didyoumean@https://registry.npmjs.org/didyoumean/-/didyoumean-1.2.2.tgz. Extracting by manifest.
1365 silly tarball no local data for arg@https://registry.npmjs.org/arg/-/arg-5.0.2.tgz. Extracting by manifest.
1366 silly tarball no local data for @remix-run/router@https://registry.npmjs.org/@remix-run/router/-/router-1.23.3.tgz. Extracting by manifest.
1367 silly tarball no local data for react-router@https://registry.npmjs.org/react-router/-/react-router-6.30.4.tgz. Extracting by manifest.
1368 silly tarball no local data for loose-envify@https://registry.npmjs.org/loose-envify/-/loose-envify-1.4.0.tgz. Extracting by manifest.
1369 silly tarball no local data for source-map-js@https://registry.npmjs.org/source-map-js/-/source-map-js-1.2.1.tgz. Extracting by manifest.
1370 silly tarball no local data for nanoid@https://registry.npmjs.org/nanoid/-/nanoid-3.3.12.tgz. Extracting by manifest.
1371 silly tarball no local data for mime-db@https://registry.npmjs.org/mime-db/-/mime-db-1.52.0.tgz. Extracting by manifest.
1372 silly tarball no local data for yallist@https://registry.npmjs.org/yallist/-/yallist-3.1.1.tgz. Extracting by manifest.
1373 silly tarball no local data for agent-base@https://registry.npmjs.org/agent-base/-/agent-base-6.0.2.tgz. Extracting by manifest.
1374 silly tarball no local data for dunder-proto@https://registry.npmjs.org/dunder-proto/-/dunder-proto-1.0.1.tgz. Extracting by manifest.
1375 silly tarball no local data for math-intrinsics@https://registry.npmjs.org/math-intrinsics/-/math-intrinsics-1.1.0.tgz. Extracting by manifest.
1376 silly tarball no local data for has-symbols@https://registry.npmjs.org/has-symbols/-/has-symbols-1.1.0.tgz. Extracting by manifest.
1377 silly tarball no local data for gopd@https://registry.npmjs.org/gopd/-/gopd-1.2.0.tgz. Extracting by manifest.
1378 silly tarball no local data for get-proto@https://registry.npmjs.org/get-proto/-/get-proto-1.0.1.tgz. Extracting by manifest.
1379 silly tarball no local data for function-bind@https://registry.npmjs.org/function-bind/-/function-bind-1.1.2.tgz. Extracting by manifest.
1380 silly tarball no local data for es-object-atoms@https://registry.npmjs.org/es-object-atoms/-/es-object-atoms-1.1.2.tgz. Extracting by manifest.
1381 silly tarball no local data for es-define-property@https://registry.npmjs.org/es-define-property/-/es-define-property-1.0.1.tgz. Extracting by manifest.
1382 silly tarball no local data for call-bind-apply-helpers@https://registry.npmjs.org/call-bind-apply-helpers/-/call-bind-apply-helpers-1.0.2.tgz. Extracting by manifest.
1383 silly tarball no local data for has-tostringtag@https://registry.npmjs.org/has-tostringtag/-/has-tostringtag-1.0.2.tgz. Extracting by manifest.
1384 silly tarball no local data for get-intrinsic@https://registry.npmjs.org/get-intrinsic/-/get-intrinsic-1.3.0.tgz. Extracting by manifest.
1385 silly tarball no local data for es-errors@https://registry.npmjs.org/es-errors/-/es-errors-1.3.0.tgz. Extracting by manifest.
1386 silly tarball no local data for delayed-stream@https://registry.npmjs.org/delayed-stream/-/delayed-stream-1.0.0.tgz. Extracting by manifest.
1387 silly tarball no local data for mime-types@https://registry.npmjs.org/mime-types/-/mime-types-2.1.35.tgz. Extracting by manifest.
1388 silly tarball no local data for es-set-tostringtag@https://registry.npmjs.org/es-set-tostringtag/-/es-set-tostringtag-2.1.0.tgz. Extracting by manifest.
1389 silly tarball no local data for combined-stream@https://registry.npmjs.org/combined-stream/-/combined-stream-1.0.8.tgz. Extracting by manifest.
1390 silly tarball no local data for ms@https://registry.npmjs.org/ms/-/ms-2.1.3.tgz. Extracting by manifest.
1391 silly tarball no local data for asynckit@https://registry.npmjs.org/asynckit/-/asynckit-0.4.0.tgz. Extracting by manifest.
1392 silly tarball no local data for update-browserslist-db@https://registry.npmjs.org/update-browserslist-db/-/update-browserslist-db-1.2.3.tgz. Extracting by manifest.
1393 silly tarball no local data for node-releases@https://registry.npmjs.org/node-releases/-/node-releases-2.0.46.tgz. Extracting by manifest.
1394 silly tarball no local data for baseline-browser-mapping@https://registry.npmjs.org/baseline-browser-mapping/-/baseline-browser-mapping-2.10.33.tgz. Extracting by manifest.
1395 silly tarball no local data for electron-to-chromium@https://registry.npmjs.org/electron-to-chromium/-/electron-to-chromium-1.5.364.tgz. Extracting by manifest.
1396 silly tarball no local data for proxy-from-env@https://registry.npmjs.org/proxy-from-env/-/proxy-from-env-2.1.0.tgz. Extracting by manifest.
1397 silly tarball no local data for https-proxy-agent@https://registry.npmjs.org/https-proxy-agent/-/https-proxy-agent-5.0.1.tgz. Extracting by manifest.
1398 silly tarball no local data for form-data@https://registry.npmjs.org/form-data/-/form-data-4.0.5.tgz. Extracting by manifest.
1399 silly tarball no local data for follow-redirects@https://registry.npmjs.org/follow-redirects/-/follow-redirects-1.16.0.tgz. Extracting by manifest.
1400 silly tarball no local data for postcss-value-parser@https://registry.npmjs.org/postcss-value-parser/-/postcss-value-parser-4.2.0.tgz. Extracting by manifest.
1401 silly tarball no local data for is-core-module@https://registry.npmjs.org/is-core-module/-/is-core-module-2.16.2.tgz. Extracting by manifest.
1402 silly tarball no local data for @types/babel__traverse@https://registry.npmjs.org/@types/babel__traverse/-/babel__traverse-7.28.0.tgz. Extracting by manifest.
1403 silly tarball no local data for fraction.js@https://registry.npmjs.org/fraction.js/-/fraction.js-5.3.4.tgz. Extracting by manifest.
1404 silly tarball no local data for caniuse-lite@https://registry.npmjs.org/caniuse-lite/-/caniuse-lite-1.0.30001793.tgz. Extracting by manifest.
1405 silly tarball no local data for @types/babel__template@https://registry.npmjs.org/@types/babel__template/-/babel__template-7.4.4.tgz. Extracting by manifest.
1406 silly tarball no local data for @types/babel__generator@https://registry.npmjs.org/@types/babel__generator/-/babel__generator-7.27.0.tgz. Extracting by manifest.
1407 silly tarball no local data for @jridgewell/sourcemap-codec@https://registry.npmjs.org/@jridgewell/sourcemap-codec/-/sourcemap-codec-1.5.5.tgz. Extracting by manifest.
1408 silly tarball no local data for @jridgewell/resolve-uri@https://registry.npmjs.org/@jridgewell/resolve-uri/-/resolve-uri-3.1.2.tgz. Extracting by manifest.
1409 silly tarball no local data for @babel/helper-string-parser@https://registry.npmjs.org/@babel/helper-string-parser/-/helper-string-parser-7.29.7.tgz. Extracting by manifest.
1410 silly tarball no local data for @babel/helper-globals@https://registry.npmjs.org/@babel/helper-globals/-/helper-globals-7.29.7.tgz. Extracting by manifest.
1411 silly tarball no local data for lru-cache@https://registry.npmjs.org/lru-cache/-/lru-cache-5.1.1.tgz. Extracting by manifest.
1412 silly tarball no local data for @babel/helper-plugin-utils@https://registry.npmjs.org/@babel/helper-plugin-utils/-/helper-plugin-utils-7.29.7.tgz. Extracting by manifest.
1413 silly tarball no local data for @babel/helper-module-imports@https://registry.npmjs.org/@babel/helper-module-imports/-/helper-module-imports-7.29.7.tgz. Extracting by manifest.
1414 silly tarball no local data for browserslist@https://registry.npmjs.org/browserslist/-/browserslist-4.28.2.tgz. Extracting by manifest.
1415 silly tarball no local data for @babel/helper-validator-option@https://registry.npmjs.org/@babel/helper-validator-option/-/helper-validator-option-7.29.7.tgz. Extracting by manifest.
1416 silly tarball no local data for @babel/compat-data@https://registry.npmjs.org/@babel/compat-data/-/compat-data-7.29.7.tgz. Extracting by manifest.
1417 silly tarball no local data for jsesc@https://registry.npmjs.org/jsesc/-/jsesc-3.1.0.tgz. Extracting by manifest.
1418 silly tarball no local data for @jridgewell/trace-mapping@https://registry.npmjs.org/@jridgewell/trace-mapping/-/trace-mapping-0.3.31.tgz. Extracting by manifest.
1419 silly tarball no local data for @jridgewell/gen-mapping@https://registry.npmjs.org/@jridgewell/gen-mapping/-/gen-mapping-0.3.13.tgz. Extracting by manifest.
1420 silly tarball no local data for @babel/helper-validator-identifier@https://registry.npmjs.org/@babel/helper-validator-identifier/-/helper-validator-identifier-7.29.7.tgz. Extracting by manifest.
1421 silly tarball no local data for js-tokens@https://registry.npmjs.org/js-tokens/-/js-tokens-4.0.0.tgz. Extracting by manifest.
1422 silly tarball no local data for picocolors@https://registry.npmjs.org/picocolors/-/picocolors-1.1.1.tgz. Extracting by manifest.
1423 silly tarball no local data for semver@https://registry.npmjs.org/semver/-/semver-6.3.1.tgz. Extracting by manifest.
1424 silly tarball no local data for json5@https://registry.npmjs.org/json5/-/json5-2.2.3.tgz. Extracting by manifest.
1425 silly tarball no local data for gensync@https://registry.npmjs.org/gensync/-/gensync-1.0.0-beta.2.tgz. Extracting by manifest.
1426 silly tarball no local data for convert-source-map@https://registry.npmjs.org/convert-source-map/-/convert-source-map-2.0.0.tgz. Extracting by manifest.
1427 silly tarball no local data for @jridgewell/remapping@https://registry.npmjs.org/@jridgewell/remapping/-/remapping-2.3.5.tgz. Extracting by manifest.
1428 silly tarball no local data for debug@https://registry.npmjs.org/debug/-/debug-4.4.3.tgz. Extracting by manifest.
1429 silly tarball no local data for @babel/types@https://registry.npmjs.org/@babel/types/-/types-7.29.7.tgz. Extracting by manifest.
1430 silly tarball no local data for @babel/traverse@https://registry.npmjs.org/@babel/traverse/-/traverse-7.29.7.tgz. Extracting by manifest.
1431 silly tarball no local data for @babel/template@https://registry.npmjs.org/@babel/template/-/template-7.29.7.tgz. Extracting by manifest.
1432 silly tarball no local data for @babel/parser@https://registry.npmjs.org/@babel/parser/-/parser-7.29.7.tgz. Extracting by manifest.
1433 silly tarball no local data for @babel/helpers@https://registry.npmjs.org/@babel/helpers/-/helpers-7.29.7.tgz. Extracting by manifest.
1434 silly tarball no local data for @babel/helper-module-transforms@https://registry.npmjs.org/@babel/helper-module-transforms/-/helper-module-transforms-7.29.7.tgz. Extracting by manifest.
1435 silly tarball no local data for @babel/helper-compilation-targets@https://registry.npmjs.org/@babel/helper-compilation-targets/-/helper-compilation-targets-7.29.7.tgz. Extracting by manifest.
1436 silly tarball no local data for @babel/generator@https://registry.npmjs.org/@babel/generator/-/generator-7.29.7.tgz. Extracting by manifest.
1437 silly tarball no local data for @babel/code-frame@https://registry.npmjs.org/@babel/code-frame/-/code-frame-7.29.7.tgz. Extracting by manifest.
1438 silly tarball no local data for @rolldown/pluginutils@https://registry.npmjs.org/@rolldown/pluginutils/-/pluginutils-1.0.0-beta.27.tgz. Extracting by manifest.
1439 silly tarball no local data for @types/babel__core@https://registry.npmjs.org/@types/babel__core/-/babel__core-7.20.5.tgz. Extracting by manifest.
1440 silly tarball no local data for react-refresh@https://registry.npmjs.org/react-refresh/-/react-refresh-0.17.0.tgz. Extracting by manifest.
1441 silly tarball no local data for tailwindcss@https://registry.npmjs.org/tailwindcss/-/tailwindcss-3.4.19.tgz. Extracting by manifest.
1442 silly tarball no local data for @babel/plugin-transform-react-jsx-source@https://registry.npmjs.org/@babel/plugin-transform-react-jsx-source/-/plugin-transform-react-jsx-source-7.29.7.tgz. Extracting by manifest.
1443 silly tarball no local data for @babel/plugin-transform-react-jsx-self@https://registry.npmjs.org/@babel/plugin-transform-react-jsx-self/-/plugin-transform-react-jsx-self-7.29.7.tgz. Extracting by manifest.
1444 silly tarball no local data for @babel/core@https://registry.npmjs.org/@babel/core/-/core-7.29.7.tgz. Extracting by manifest.
1445 silly tarball no local data for react-router-dom@https://registry.npmjs.org/react-router-dom/-/react-router-dom-6.30.4.tgz. Extracting by manifest.
1446 silly tarball no local data for react-dom@https://registry.npmjs.org/react-dom/-/react-dom-18.3.1.tgz. Extracting by manifest.
1447 silly tarball no local data for react@https://registry.npmjs.org/react/-/react-18.3.1.tgz. Extracting by manifest.
1448 silly tarball no local data for html-to-image@https://registry.npmjs.org/html-to-image/-/html-to-image-1.11.13.tgz. Extracting by manifest.
1449 silly tarball no local data for axios@https://registry.npmjs.org/axios/-/axios-1.16.1.tgz. Extracting by manifest.
1450 silly tarball no local data for postcss@https://registry.npmjs.org/postcss/-/postcss-8.5.15.tgz. Extracting by manifest.
1451 silly tarball no local data for picomatch@https://registry.npmjs.org/picomatch/-/picomatch-4.0.4.tgz. Extracting by manifest.
1452 silly tarball no local data for fdir@https://registry.npmjs.org/fdir/-/fdir-6.5.0.tgz. Extracting by manifest.
1453 silly tarball no local data for @vitejs/plugin-react@https://registry.npmjs.org/@vitejs/plugin-react/-/plugin-react-4.7.0.tgz. Extracting by manifest.
1454 silly tarball no local data for autoprefixer@https://registry.npmjs.org/autoprefixer/-/autoprefixer-10.5.0.tgz. Extracting by manifest.
1455 silly tarball no local data for scheduler@https://registry.npmjs.org/scheduler/-/scheduler-0.23.2.tgz. Extracting by manifest.
1456 silly tarball no local data for hasown@https://registry.npmjs.org/hasown/-/hasown-2.0.4.tgz. Extracting by manifest.
1457 silly tarball no local data for glob-parent@https://registry.npmjs.org/glob-parent/-/glob-parent-5.1.2.tgz. Extracting by manifest.
1458 silly tarball no local data for glob-parent@https://registry.npmjs.org/glob-parent/-/glob-parent-5.1.2.tgz. Extracting by manifest.
1459 silly tarball no local data for vite@https://registry.npmjs.org/vite/-/vite-5.4.21.tgz. Extracting by manifest.
1460 http fetch GET 200 https://registry.npmjs.org/@types/estree/-/estree-1.0.9.tgz 4190ms (cache miss)
1461 http fetch GET 200 https://registry.npmjs.org/lines-and-columns/-/lines-and-columns-1.2.4.tgz 5843ms (cache miss)
1462 http fetch GET 200 https://registry.npmjs.org/mz/-/mz-2.7.0.tgz 5871ms (cache miss)
1463 http fetch GET 200 https://registry.npmjs.org/queue-microtask/-/queue-microtask-1.2.3.tgz 6315ms (cache miss)
1464 http fetch GET 200 https://registry.npmjs.org/path-parse/-/path-parse-1.0.7.tgz 6315ms (cache miss)
1465 http fetch GET 200 https://registry.npmjs.org/pify/-/pify-2.3.0.tgz 6313ms (cache miss)
1466 http fetch GET 200 https://registry.npmjs.org/util-deprecate/-/util-deprecate-1.0.2.tgz 6452ms (cache miss)
1467 http fetch GET 200 https://registry.npmjs.org/thenify/-/thenify-3.3.1.tgz 6608ms (cache miss)
1468 http fetch GET 200 https://registry.npmjs.org/object-assign/-/object-assign-4.1.1.tgz 6907ms (cache miss)
1469 http fetch GET 200 https://registry.npmjs.org/thenify-all/-/thenify-all-1.6.0.tgz 6916ms (cache miss)
1470 http fetch GET 200 https://registry.npmjs.org/camelcase-css/-/camelcase-css-2.0.1.tgz 6878ms (cache miss)
1471 http fetch GET 200 https://registry.npmjs.org/supports-preserve-symlinks-flag/-/supports-preserve-symlinks-flag-1.0.0.tgz 6885ms (cache miss)
1472 http fetch GET 200 https://registry.npmjs.org/merge2/-/merge2-1.4.1.tgz 6859ms (cache miss)
1473 http fetch GET 200 https://registry.npmjs.org/dlv/-/dlv-1.1.3.tgz 6775ms (cache miss)
1474 http fetch GET 200 https://registry.npmjs.org/@alloc/quick-lru/-/quick-lru-5.2.0.tgz 6778ms (cache miss)
1475 http fetch GET 200 https://registry.npmjs.org/is-extglob/-/is-extglob-2.1.1.tgz 7175ms (cache miss)
1476 http fetch GET 200 https://registry.npmjs.org/run-parallel/-/run-parallel-1.2.0.tgz 7254ms (cache miss)
1477 http fetch GET 200 https://registry.npmjs.org/postcss-load-config/-/postcss-load-config-6.0.1.tgz 7304ms (cache miss)
1478 http fetch GET 200 https://registry.npmjs.org/postcss-js/-/postcss-js-4.1.0.tgz 7306ms (cache miss)
1479 http fetch GET 200 https://registry.npmjs.org/didyoumean/-/didyoumean-1.2.2.tgz 7310ms (cache miss)
1480 http fetch GET 200 https://registry.npmjs.org/anymatch/-/anymatch-3.1.3.tgz 7432ms (cache miss)
1481 http fetch GET 200 https://registry.npmjs.org/is-number/-/is-number-7.0.0.tgz 7901ms (cache miss)
1482 http fetch GET 200 https://registry.npmjs.org/read-cache/-/read-cache-1.0.0.tgz 7878ms (cache miss)
1483 http fetch GET 200 https://registry.npmjs.org/@nodelib/fs.walk/-/fs.walk-1.2.8.tgz 7913ms (cache miss)
1484 http fetch GET 200 https://registry.npmjs.org/is-binary-path/-/is-binary-path-2.1.0.tgz 7936ms (cache miss)
1485 http fetch GET 200 https://registry.npmjs.org/pirates/-/pirates-4.0.7.tgz 8211ms (cache miss)
1486 http fetch GET 200 https://registry.npmjs.org/normalize-path/-/normalize-path-3.0.0.tgz 8086ms (cache miss)
1487 http fetch GET 200 https://registry.npmjs.org/dunder-proto/-/dunder-proto-1.0.1.tgz 8043ms (cache miss)
1488 http fetch GET 200 https://registry.npmjs.org/es-errors/-/es-errors-1.3.0.tgz 8014ms (cache miss)
1489 http fetch GET 200 https://registry.npmjs.org/mime-types/-/mime-types-2.1.35.tgz 8012ms (cache miss)
1490 http fetch GET 200 https://registry.npmjs.org/gopd/-/gopd-1.2.0.tgz 8051ms (cache miss)
1491 http fetch GET 200 https://registry.npmjs.org/glob-parent/-/glob-parent-6.0.2.tgz 8161ms (cache miss)
1492 http fetch GET 200 https://registry.npmjs.org/math-intrinsics/-/math-intrinsics-1.1.0.tgz 8130ms (cache miss)
1493 http fetch GET 200 https://registry.npmjs.org/ms/-/ms-2.1.3.tgz 8094ms (cache miss)
1494 http fetch GET 200 https://registry.npmjs.org/follow-redirects/-/follow-redirects-1.16.0.tgz 8229ms (cache miss)
1495 http fetch GET 200 https://registry.npmjs.org/commander/-/commander-4.1.1.tgz 8570ms (cache miss)
1496 http fetch GET 200 https://registry.npmjs.org/cssesc/-/cssesc-3.0.0.tgz 8601ms (cache miss)
1497 http fetch GET 200 https://registry.npmjs.org/yallist/-/yallist-3.1.1.tgz 8553ms (cache miss)
1498 http fetch GET 200 https://registry.npmjs.org/es-set-tostringtag/-/es-set-tostringtag-2.1.0.tgz 8503ms (cache miss)
1499 http fetch GET 200 https://registry.npmjs.org/proxy-from-env/-/proxy-from-env-2.1.0.tgz 8522ms (cache miss)
1500 http fetch GET 200 https://registry.npmjs.org/update-browserslist-db/-/update-browserslist-db-1.2.3.tgz 8542ms (cache miss)
1501 http fetch GET 200 https://registry.npmjs.org/has-symbols/-/has-symbols-1.1.0.tgz 8621ms (cache miss)
1502 http fetch GET 200 https://registry.npmjs.org/lru-cache/-/lru-cache-5.1.1.tgz 8723ms (cache miss)
1503 http fetch GET 200 https://registry.npmjs.org/fill-range/-/fill-range-7.1.1.tgz 8990ms (cache miss)
1504 http fetch GET 200 https://registry.npmjs.org/postcss-nested/-/postcss-nested-6.2.0.tgz 8959ms (cache miss)
1505 http fetch GET 200 https://registry.npmjs.org/is-glob/-/is-glob-4.0.3.tgz 8937ms (cache miss)
1506 http fetch GET 200 https://registry.npmjs.org/@babel/helper-validator-option/-/helper-validator-option-7.29.7.tgz 8963ms (cache miss)
1507 http fetch GET 200 https://registry.npmjs.org/@types/babel__generator/-/babel__generator-7.27.0.tgz 9352ms (cache miss)
1508 http fetch GET 200 https://registry.npmjs.org/@types/babel__template/-/babel__template-7.4.4.tgz 9359ms (cache miss)
1509 http fetch GET 200 https://registry.npmjs.org/convert-source-map/-/convert-source-map-2.0.0.tgz 9350ms (cache miss)
1510 http fetch GET 200 https://registry.npmjs.org/binary-extensions/-/binary-extensions-2.3.0.tgz 9827ms (cache miss)
1511 http fetch GET 200 https://registry.npmjs.org/lilconfig/-/lilconfig-3.1.3.tgz 9788ms (cache miss)
1512 http fetch GET 200 https://registry.npmjs.org/js-tokens/-/js-tokens-4.0.0.tgz 9713ms (cache miss)
1513 http fetch GET 200 https://registry.npmjs.org/picocolors/-/picocolors-1.1.1.tgz 9736ms (cache miss)
1514 http fetch GET 200 https://registry.npmjs.org/@types/babel__traverse/-/babel__traverse-7.28.0.tgz 9858ms (cache miss)
1515 http fetch GET 200 https://registry.npmjs.org/@babel/helper-plugin-utils/-/helper-plugin-utils-7.29.7.tgz 9835ms (cache miss)
1516 http fetch GET 200 https://registry.npmjs.org/combined-stream/-/combined-stream-1.0.8.tgz 10129ms (cache miss)
1517 http fetch GET 200 https://registry.npmjs.org/@babel/helper-module-imports/-/helper-module-imports-7.29.7.tgz 10049ms (cache miss)
1518 http fetch GET 200 https://registry.npmjs.org/@rolldown/pluginutils/-/pluginutils-1.0.0-beta.27.tgz 9998ms (cache miss)
1519 http fetch GET 200 https://registry.npmjs.org/@babel/code-frame/-/code-frame-7.29.7.tgz 10005ms (cache miss)
1520 http fetch GET 200 https://registry.npmjs.org/glob-parent/-/glob-parent-5.1.2.tgz 9941ms (cache miss)
1521 http fetch GET 200 https://registry.npmjs.org/delayed-stream/-/delayed-stream-1.0.0.tgz 10406ms (cache miss)
1522 http fetch GET 200 https://registry.npmjs.org/fdir/-/fdir-6.5.0.tgz 10278ms (cache miss)
1523 http fetch GET 200 https://registry.npmjs.org/to-regex-range/-/to-regex-range-5.0.1.tgz 10714ms (cache miss)
1524 http fetch GET 200 https://registry.npmjs.org/@types/babel__core/-/babel__core-7.20.5.tgz 10453ms (cache miss)
1525 http fetch GET 200 https://registry.npmjs.org/@babel/plugin-transform-react-jsx-source/-/plugin-transform-react-jsx-source-7.29.7.tgz 10459ms (cache miss)
1526 http fetch GET 200 https://registry.npmjs.org/readdirp/-/readdirp-3.6.0.tgz 10937ms (cache miss)
1527 http fetch GET 200 https://registry.npmjs.org/arg/-/arg-5.0.2.tgz 10876ms (cache miss)
1528 http fetch GET 200 https://registry.npmjs.org/@babel/helper-string-parser/-/helper-string-parser-7.29.7.tgz 10754ms (cache miss)
1529 http fetch GET 200 https://registry.npmjs.org/glob-parent/-/glob-parent-5.1.2.tgz 10654ms (cache miss)
1530 http fetch GET 200 https://registry.npmjs.org/node-releases/-/node-releases-2.0.46.tgz 10921ms (cache miss)
1531 http fetch GET 200 https://registry.npmjs.org/loose-envify/-/loose-envify-1.4.0.tgz 11189ms (cache miss)
1532 http fetch GET 200 https://registry.npmjs.org/@babel/plugin-transform-react-jsx-self/-/plugin-transform-react-jsx-self-7.29.7.tgz 11005ms (cache miss)
1533 http fetch GET 200 https://registry.npmjs.org/jsesc/-/jsesc-3.1.0.tgz 11266ms (cache miss)
1534 http fetch GET 200 https://registry.npmjs.org/@babel/helper-globals/-/helper-globals-7.29.7.tgz 11432ms (cache miss)
1535 http fetch GET 200 https://registry.npmjs.org/tinyglobby/-/tinyglobby-0.2.17.tgz 11747ms (cache miss)
1536 http fetch GET 200 https://registry.npmjs.org/object-hash/-/object-hash-3.0.0.tgz 11625ms (cache miss)
1537 http fetch GET 200 https://registry.npmjs.org/micromatch/-/micromatch-4.0.8.tgz 12098ms (cache miss)
1538 http fetch GET 200 https://registry.npmjs.org/semver/-/semver-6.3.1.tgz 11889ms (cache miss)
1539 http fetch GET 200 https://registry.npmjs.org/gensync/-/gensync-1.0.0-beta.2.tgz 11896ms (cache miss)
1540 http fetch GET 200 https://registry.npmjs.org/chokidar/-/chokidar-3.6.0.tgz 12344ms (cache miss)
1541 http fetch GET 200 https://registry.npmjs.org/debug/-/debug-4.4.3.tgz 12145ms (cache miss)
1542 http fetch GET 200 https://registry.npmjs.org/is-core-module/-/is-core-module-2.16.2.tgz 12257ms (cache miss)
1543 http fetch GET 200 https://registry.npmjs.org/form-data/-/form-data-4.0.5.tgz 12488ms (cache miss)
1544 http fetch GET 200 https://registry.npmjs.org/es-define-property/-/es-define-property-1.0.1.tgz 12598ms (cache miss)
1545 http fetch GET 200 https://registry.npmjs.org/escalade/-/escalade-3.2.0.tgz 12870ms (cache miss)
1546 http fetch GET 200 https://registry.npmjs.org/picomatch/-/picomatch-2.3.2.tgz 12808ms (cache miss)
1547 http fetch GET 200 https://registry.npmjs.org/ts-interface-checker/-/ts-interface-checker-0.1.13.tgz 13165ms (cache miss)
1548 http fetch GET 200 https://registry.npmjs.org/@jridgewell/resolve-uri/-/resolve-uri-3.1.2.tgz 12960ms (cache miss)
1549 http fetch GET 200 https://registry.npmjs.org/hasown/-/hasown-2.0.4.tgz 12893ms (cache miss)
1550 http fetch GET 200 https://registry.npmjs.org/get-intrinsic/-/get-intrinsic-1.3.0.tgz 13246ms (cache miss)
1551 http fetch GET 200 https://registry.npmjs.org/mime-db/-/mime-db-1.52.0.tgz 13337ms (cache miss)
1552 http fetch GET 200 https://registry.npmjs.org/react-refresh/-/react-refresh-0.17.0.tgz 13100ms (cache miss)
1553 http fetch GET 200 https://registry.npmjs.org/browserslist/-/browserslist-4.28.2.tgz 13250ms (cache miss)
1554 http fetch GET 200 https://registry.npmjs.org/baseline-browser-mapping/-/baseline-browser-mapping-2.10.33.tgz 13346ms (cache miss)
1555 http fetch GET 200 https://registry.npmjs.org/@babel/helper-validator-identifier/-/helper-validator-identifier-7.29.7.tgz 13266ms (cache miss)
1556 http fetch GET 200 https://registry.npmjs.org/@vitejs/plugin-react/-/plugin-react-4.7.0.tgz 13150ms (cache miss)
1557 http fetch GET 200 https://registry.npmjs.org/esbuild/-/esbuild-0.21.5.tgz 13682ms (cache miss)
1558 http fetch GET 200 https://registry.npmjs.org/function-bind/-/function-bind-1.1.2.tgz 13535ms (cache miss)
1559 http fetch GET 200 https://registry.npmjs.org/reusify/-/reusify-1.1.0.tgz 14106ms (cache miss)
1560 http fetch GET 200 https://registry.npmjs.org/get-proto/-/get-proto-1.0.1.tgz 13962ms (cache miss)
1561 http fetch GET 200 https://registry.npmjs.org/fastq/-/fastq-1.20.1.tgz 14120ms (cache miss)
1562 http fetch GET 200 https://registry.npmjs.org/postcss-value-parser/-/postcss-value-parser-4.2.0.tgz 13941ms (cache miss)
1563 http fetch GET 200 https://registry.npmjs.org/electron-to-chromium/-/electron-to-chromium-1.5.364.tgz 14071ms (cache miss)
1564 http fetch GET 200 https://registry.npmjs.org/https-proxy-agent/-/https-proxy-agent-5.0.1.tgz 14068ms (cache miss)
1565 http fetch GET 200 https://registry.npmjs.org/picomatch/-/picomatch-4.0.4.tgz 13863ms (cache miss)
1566 http fetch GET 200 https://registry.npmjs.org/braces/-/braces-3.0.3.tgz 14401ms (cache miss)
1567 http fetch GET 200 https://registry.npmjs.org/es-object-atoms/-/es-object-atoms-1.1.2.tgz 14280ms (cache miss)
1568 http fetch GET 200 https://registry.npmjs.org/agent-base/-/agent-base-6.0.2.tgz 14367ms (cache miss)
1569 http fetch GET 200 https://registry.npmjs.org/has-tostringtag/-/has-tostringtag-1.0.2.tgz 14815ms (cache miss)
1570 http fetch GET 200 https://registry.npmjs.org/postcss-import/-/postcss-import-15.1.0.tgz 15104ms (cache miss)
1571 http fetch GET 200 https://registry.npmjs.org/@babel/compat-data/-/compat-data-7.29.7.tgz 14894ms (cache miss)
1572 http fetch GET 200 https://registry.npmjs.org/call-bind-apply-helpers/-/call-bind-apply-helpers-1.0.2.tgz 15721ms (cache miss)
1573 http fetch GET 200 https://registry.npmjs.org/@nodelib/fs.stat/-/fs.stat-2.0.5.tgz 16371ms (cache miss)
1574 http fetch GET 200 https://registry.npmjs.org/scheduler/-/scheduler-0.23.2.tgz 16537ms (cache miss)
1575 http fetch GET 200 https://registry.npmjs.org/asynckit/-/asynckit-0.4.0.tgz 16804ms (cache miss)
1576 http fetch GET 200 https://registry.npmjs.org/@babel/helper-compilation-targets/-/helper-compilation-targets-7.29.7.tgz 16651ms (cache miss)
1577 http fetch GET 200 https://registry.npmjs.org/source-map-js/-/source-map-js-1.2.1.tgz 17269ms (cache miss)
1578 http fetch GET 200 https://registry.npmjs.org/@babel/helper-module-transforms/-/helper-module-transforms-7.29.7.tgz 17033ms (cache miss)
1579 http fetch GET 200 https://registry.npmjs.org/@babel/template/-/template-7.29.7.tgz 17224ms (cache miss)
1580 http fetch GET 200 https://registry.npmjs.org/fraction.js/-/fraction.js-5.3.4.tgz 18069ms (cache miss)
1581 http fetch GET 200 https://registry.npmjs.org/json5/-/json5-2.2.3.tgz 18066ms (cache miss)
1582 http fetch GET 200 https://registry.npmjs.org/nanoid/-/nanoid-3.3.12.tgz 18268ms (cache miss)
1583 http fetch GET 200 https://registry.npmjs.org/react/-/react-18.3.1.tgz 18009ms (cache miss)
1584 http fetch GET 200 https://registry.npmjs.org/@nodelib/fs.scandir/-/fs.scandir-2.1.5.tgz 19436ms (cache miss)
1585 http fetch GET 200 https://registry.npmjs.org/@rollup/rollup-win32-x64-gnu/-/rollup-win32-x64-gnu-4.61.0.tgz 19568ms (cache miss)
1586 http fetch GET 200 https://registry.npmjs.org/@jridgewell/sourcemap-codec/-/sourcemap-codec-1.5.5.tgz 19937ms (cache miss)
1587 http fetch GET 200 https://registry.npmjs.org/any-promise/-/any-promise-1.3.0.tgz 20759ms (cache miss)
1588 http fetch GET 200 https://registry.npmjs.org/@babel/parser/-/parser-7.29.7.tgz 20404ms (cache miss)
1589 http fetch GET 200 https://registry.npmjs.org/@jridgewell/remapping/-/remapping-2.3.5.tgz 21046ms (cache miss)
1590 http fetch GET 200 https://registry.npmjs.org/@rollup/rollup-win32-x64-msvc/-/rollup-win32-x64-msvc-4.61.0.tgz 21501ms (cache miss)
1591 http fetch GET 200 https://registry.npmjs.org/@jridgewell/gen-mapping/-/gen-mapping-0.3.13.tgz 21131ms (cache miss)
1592 http fetch GET 200 https://registry.npmjs.org/react-router-dom/-/react-router-dom-6.30.4.tgz 21068ms (cache miss)
1593 http fetch GET 200 https://registry.npmjs.org/react-router/-/react-router-6.30.4.tgz 21394ms (cache miss)
1594 http fetch GET 200 https://registry.npmjs.org/jiti/-/jiti-1.21.7.tgz 23305ms (cache miss)
1595 http fetch GET 200 https://registry.npmjs.org/postcss-selector-parser/-/postcss-selector-parser-6.1.2.tgz 24001ms (cache miss)
1596 http fetch GET 200 https://registry.npmjs.org/@jridgewell/trace-mapping/-/trace-mapping-0.3.31.tgz 25569ms (cache miss)
1597 http fetch GET 200 https://registry.npmjs.org/@remix-run/router/-/router-1.23.3.tgz 26543ms (cache miss)
1598 http fetch GET 200 https://registry.npmjs.org/postcss/-/postcss-8.5.15.tgz 26542ms (cache miss)
1599 http fetch GET 200 https://registry.npmjs.org/@babel/generator/-/generator-7.29.7.tgz 28194ms (cache miss)
1600 http fetch GET 200 https://registry.npmjs.org/rollup/-/rollup-4.61.0.tgz 30927ms (cache miss)
1601 http fetch GET 200 https://registry.npmjs.org/fast-glob/-/fast-glob-3.3.3.tgz 31675ms (cache miss)
1602 http fetch GET 200 https://registry.npmjs.org/vite/-/vite-5.4.21.tgz 31325ms (cache miss)
1603 http fetch GET 200 https://registry.npmjs.org/react-dom/-/react-dom-18.3.1.tgz 32052ms (cache miss)
1604 http fetch GET 200 https://registry.npmjs.org/html-to-image/-/html-to-image-1.11.13.tgz 32780ms (cache miss)
1605 http fetch GET 200 https://registry.npmjs.org/@babel/traverse/-/traverse-7.29.7.tgz 33114ms (cache miss)
1606 http fetch GET 200 https://registry.npmjs.org/autoprefixer/-/autoprefixer-10.5.0.tgz 34094ms (cache miss)
1607 http fetch GET 200 https://registry.npmjs.org/@esbuild/win32-x64/-/win32-x64-0.21.5.tgz 35757ms (cache miss)
1608 http fetch GET 200 https://registry.npmjs.org/resolve/-/resolve-1.22.12.tgz 36713ms (cache miss)
1609 http fetch GET 200 https://registry.npmjs.org/axios/-/axios-1.16.1.tgz 37108ms (cache miss)
1610 http fetch GET 200 https://registry.npmjs.org/@babel/core/-/core-7.29.7.tgz 39334ms (cache miss)
1611 http fetch GET 200 https://registry.npmjs.org/@babel/types/-/types-7.29.7.tgz 46794ms (cache miss)
1612 http fetch GET 200 https://registry.npmjs.org/sucrase/-/sucrase-3.35.1.tgz 50495ms (cache miss)
1613 http fetch GET 200 https://registry.npmjs.org/@babel/helpers/-/helpers-7.29.7.tgz 51173ms (cache miss)
1614 http fetch GET 200 https://registry.npmjs.org/tailwindcss/-/tailwindcss-3.4.19.tgz 52350ms (cache miss)
1615 http fetch GET 200 https://registry.npmjs.org/caniuse-lite/-/caniuse-lite-1.0.30001793.tgz 61148ms (cache miss)
1616 info run esbuild@0.21.5 postinstall node_modules/esbuild node install.js
1617 info run esbuild@0.21.5 postinstall { code: 0, signal: null }
1618 silly ADD node_modules/@types/estree
1619 silly ADD node_modules/@rollup/rollup-win32-x64-msvc
1620 silly ADD node_modules/@rollup/rollup-win32-x64-gnu
1621 silly ADD node_modules/@esbuild/win32-x64
1622 silly ADD node_modules/rollup
1623 silly ADD node_modules/esbuild
1624 silly ADD node_modules/escalade
1625 silly ADD node_modules/is-number
1626 silly ADD node_modules/thenify
1627 silly ADD node_modules/thenify-all
1628 silly ADD node_modules/object-assign
1629 silly ADD node_modules/any-promise
1630 silly ADD node_modules/ts-interface-checker
1631 silly ADD node_modules/tinyglobby
1632 silly ADD node_modules/tinyglobby/node_modules/picomatch
1633 silly ADD node_modules/tinyglobby/node_modules/fdir
1634 silly ADD node_modules/pirates
1635 silly ADD node_modules/mz
1636 silly ADD node_modules/lines-and-columns
1637 silly ADD node_modules/commander
1638 silly ADD node_modules/queue-microtask
1639 silly ADD node_modules/supports-preserve-symlinks-flag
1640 silly ADD node_modules/path-parse
1641 silly ADD node_modules/is-core-module
1642 silly ADD node_modules/pify
1643 silly ADD node_modules/util-deprecate
1644 silly ADD node_modules/cssesc
1645 silly ADD node_modules/camelcase-css
1646 silly ADD node_modules/read-cache
1647 silly ADD node_modules/is-extglob
1648 silly ADD node_modules/binary-extensions
1649 silly ADD node_modules/to-regex-range
1650 silly ADD node_modules/reusify
1651 silly ADD node_modules/run-parallel
1652 silly ADD node_modules/fastq
1653 silly ADD node_modules/@nodelib/fs.scandir
1654 silly ADD node_modules/merge2
1655 silly ADD node_modules/@nodelib/fs.walk
1656 silly ADD node_modules/@nodelib/fs.stat
1657 silly ADD node_modules/fill-range
1658 silly ADD node_modules/picomatch
1659 silly ADD node_modules/readdirp
1660 silly ADD node_modules/is-binary-path
1661 silly ADD node_modules/braces
1662 silly ADD node_modules/anymatch
1663 silly ADD node_modules/sucrase
1664 silly ADD node_modules/resolve
1665 silly ADD node_modules/postcss-selector-parser
1666 silly ADD node_modules/postcss-nested
1667 silly ADD node_modules/postcss-load-config
1668 silly ADD node_modules/postcss-js
1669 silly ADD node_modules/postcss-import
1670 silly ADD node_modules/object-hash
1671 silly ADD node_modules/normalize-path
1672 silly ADD node_modules/micromatch
1673 silly ADD node_modules/lilconfig
1674 silly ADD node_modules/jiti
1675 silly ADD node_modules/is-glob
1676 silly ADD node_modules/glob-parent
1677 silly ADD node_modules/fast-glob
1678 silly ADD node_modules/fast-glob/node_modules/glob-parent
1679 silly ADD node_modules/dlv
1680 silly ADD node_modules/didyoumean
1681 silly ADD node_modules/chokidar
1682 silly ADD node_modules/chokidar/node_modules/glob-parent
1683 silly ADD node_modules/arg
1684 silly ADD node_modules/@alloc/quick-lru
1685 silly ADD node_modules/react-router
1686 silly ADD node_modules/@remix-run/router
1687 silly ADD node_modules/scheduler
1688 silly ADD node_modules/loose-envify
1689 silly ADD node_modules/source-map-js
1690 silly ADD node_modules/nanoid
1691 silly ADD node_modules/mime-db
1692 silly ADD node_modules/yallist
1693 silly ADD node_modules/agent-base
1694 silly ADD node_modules/dunder-proto
1695 silly ADD node_modules/math-intrinsics
1696 silly ADD node_modules/has-symbols
1697 silly ADD node_modules/gopd
1698 silly ADD node_modules/get-proto
1699 silly ADD node_modules/function-bind
1700 silly ADD node_modules/es-object-atoms
1701 silly ADD node_modules/es-define-property
1702 silly ADD node_modules/call-bind-apply-helpers
1703 silly ADD node_modules/has-tostringtag
1704 silly ADD node_modules/get-intrinsic
1705 silly ADD node_modules/es-errors
1706 silly ADD node_modules/delayed-stream
1707 silly ADD node_modules/mime-types
1708 silly ADD node_modules/hasown
1709 silly ADD node_modules/es-set-tostringtag
1710 silly ADD node_modules/combined-stream
1711 silly ADD node_modules/asynckit
1712 silly ADD node_modules/ms
1713 silly ADD node_modules/update-browserslist-db
1714 silly ADD node_modules/node-releases
1715 silly ADD node_modules/electron-to-chromium
1716 silly ADD node_modules/baseline-browser-mapping
1717 silly ADD node_modules/proxy-from-env
1718 silly ADD node_modules/https-proxy-agent
1719 silly ADD node_modules/form-data
1720 silly ADD node_modules/follow-redirects
1721 silly ADD node_modules/postcss-value-parser
1722 silly ADD node_modules/fraction.js
1723 silly ADD node_modules/caniuse-lite
1724 silly ADD node_modules/@types/babel__traverse
1725 silly ADD node_modules/@types/babel__template
1726 silly ADD node_modules/@types/babel__generator
1727 silly ADD node_modules/@jridgewell/resolve-uri
1728 silly ADD node_modules/@jridgewell/sourcemap-codec
1729 silly ADD node_modules/@babel/helper-string-parser
1730 silly ADD node_modules/@babel/helper-globals
1731 silly ADD node_modules/@babel/helper-plugin-utils
1732 silly ADD node_modules/@babel/helper-module-imports
1733 silly ADD node_modules/lru-cache
1734 silly ADD node_modules/browserslist
1735 silly ADD node_modules/@babel/helper-validator-option
1736 silly ADD node_modules/@babel/compat-data
1737 silly ADD node_modules/jsesc
1738 silly ADD node_modules/@jridgewell/trace-mapping
1739 silly ADD node_modules/@jridgewell/gen-mapping
1740 silly ADD node_modules/picocolors
1741 silly ADD node_modules/js-tokens
1742 silly ADD node_modules/@babel/helper-validator-identifier
1743 silly ADD node_modules/semver
1744 silly ADD node_modules/json5
1745 silly ADD node_modules/gensync
1746 silly ADD node_modules/debug
1747 silly ADD node_modules/convert-source-map
1748 silly ADD node_modules/@jridgewell/remapping
1749 silly ADD node_modules/@babel/types
1750 silly ADD node_modules/@babel/traverse
1751 silly ADD node_modules/@babel/template
1752 silly ADD node_modules/@babel/parser
1753 silly ADD node_modules/@babel/helpers
1754 silly ADD node_modules/@babel/helper-module-transforms
1755 silly ADD node_modules/@babel/helper-compilation-targets
1756 silly ADD node_modules/@babel/generator
1757 silly ADD node_modules/@babel/code-frame
1758 silly ADD node_modules/react-refresh
1759 silly ADD node_modules/@types/babel__core
1760 silly ADD node_modules/@rolldown/pluginutils
1761 silly ADD node_modules/@babel/plugin-transform-react-jsx-source
1762 silly ADD node_modules/@babel/plugin-transform-react-jsx-self
1763 silly ADD node_modules/@babel/core
1764 silly ADD node_modules/tailwindcss
1765 silly ADD node_modules/react-router-dom
1766 silly ADD node_modules/react-dom
1767 silly ADD node_modules/react
1768 silly ADD node_modules/html-to-image
1769 silly ADD node_modules/axios
1770 silly ADD node_modules/postcss
1771 silly ADD node_modules/autoprefixer
1772 silly ADD node_modules/vite
1773 silly ADD node_modules/@vitejs/plugin-react
1774 verbose cwd C:\Users\admin\OneDrive\Documents\Website cek nisn\frontend
1775 verbose os Windows_NT 10.0.26200
1776 verbose node v24.15.0
1777 verbose npm  v11.12.1
1778 notice
1778 notice New minor version of npm available! 11.12.1 -> 11.16.0
1778 notice Changelog: https://github.com/npm/cli/releases/tag/v11.16.0
1778 notice To update run: npm install -g npm@11.16.0
1778 notice  { force: true, Symbol(proc-log.meta): true }
1779 verbose exit 0
1780 info ok
